topic,dimension,words,Count,Name,Representation
1,Evaluation,Approval,4284,1_好帅_帅哥_太帅_很帅,"['好帅', '帅哥', '太帅', '很帅', '哈哈哈', '帅死', '挺帅', '帅气', '哈哈哈哈', '真帅']"
2,Sexuality,Courtship,3768,2_猴子_熊圈_喜猴_喜熊,"['猴子', '熊圈', '喜猴', '喜熊', '熊熊', '小熊', '狒狒', '熊猴', '北方', '南方']"
3,Sexuality,SexualBehaviors,5371,3_老师_同性恋_上课_男同,"['老师', '同性恋', '上课', '男同', '听课', '同性', '女同', '异性恋', '讲课', '异性']"
4,Evaluation,Approval,4735,4_oi_直女_姐姐_肚皮,"['oi', '直女', '姐姐', '肚皮', '猛拍', '姐妹', '妹妹', '我素', '顺直', '我命']"
5,Evaluation,RecommendationAlgorithms,2342,5_抖音_打开_确诊_我抖音,"['抖音', '打开', '确诊', '我抖音', '刷抖音', '刷个', '走遍', '擦边', '现状', '音刷']"
7,Evaluation,RecommendationAlgorithms,1911,7_视频_刷到_会刷_第一个,"['视频', '刷到', '会刷', '第一个', '这条', '这种', '教程', '能刷', '账号', '反思']"
8,Evaluation,Approval,3584,8_眼神_眼睛_眼镜_近视,"['眼神', '眼睛', '眼镜', '近视', '美瞳', '眼珠子', '近视眼', '感动', '眼里', '有光']"
9,Identity,LoveDefinition,1781,9_喜欢_女生_男生_女孩子,"['喜欢', '女生', '男生', '女孩子', '男孩子', '女孩', '小时候', '男人', '后来', '女人']"
10,Identity,LoveDefinition,2833,10_oi_哈哈哈_喜欢_喜不喜欢,"['oi', '哈哈哈', '喜欢', '喜不喜欢', '猛拍', '肚皮', '爱心', '女生', '刚好', '女孩子']"
11,Identity,LoveDefinition,2379,11_侄女_我素_重操旧业_半侄,"['侄女', '我素', '重操旧业', '半侄', '爱上', '就业', '划船', '荒谬', '爱情', '恋爱']"
12,Division,CarryonthefamilyLineage,4196,12_怀孕_孩子_女儿_能生,"['怀孕', '孩子', '女儿', '能生', '生小孩', '儿子', '生儿育女', '生育', '生个', '生娃']"
13,Evaluation,PublicMorality,1970,13_恶心_素质_没看_乱搞,"['恶心', '素质', '没看', '乱搞', '恶意', '人心', '人性', '看不懂', '群体', '觉得']"
14,Evaluation,RecommendationAlgorithms,1883,14_刷到_会刷_我刷_老刷,"['刷到', '会刷', '我刷', '老刷', '无数次', '能刷', '再刷', '直女', '反思', '没刷']"
15,Sexuality,PhysicalApperances,2144,15_嫂子_这老_看上_衣服,"['嫂子', '这老', '看上', '衣服', '女装', '娇羞', '大嫂', '无数次', '设计', '眼神']"
16,Identity,LoveDefinition,2149,16_爱情_真爱_感情_相爱,"['爱情', '真爱', '感情', '相爱', '不爱', '相信', '值得', '爱是', '深情', '一见钟情']"
20,Evaluation,SexualityGuess,1436,20_gay_视频_去过_雷达,"['gay', '视频', '去过', '雷达', '鉴别', '合成', '电视', '一眼', '判断', '我哥']"
21,Identity,LoveDefinition,1498,21_性取向_取向_乱七八糟_模糊,"['性取向', '取向', '乱七八糟', '模糊', '我长', '眼睛', '怀疑', '挤眼', '正常', '稳定']"
23,Identity,GenderIdentity,3035,23_女装_男扮女装_男装_女扮男装,"['女装', '男扮女装', '男装', '女扮男装', '打扮', '大笑', '男扮', '女扮', '电视剧', '古装剧']"
24,Evaluation,Approval,2549,24_评论_好吃_区笑_吃饭,"['评论', '好吃', '区笑', '吃饭', '吃饱', '勇闯', '区好', '不吃', '太饱', '测测']"
25,Sexuality,Courtship,1994,25_通讯录_不服_女朋友_找对象,"['通讯录', '不服', '女朋友', '找对象', '对象', '想要', '脚刹', '哪里找', '找个', '相亲']"
26,Identity,LoveDefinition,2661,26_双谈_男人_女人_双是,"['双谈', '男人', '女人', '双是', '女生', '不当', '男生', '男女', '下去', '男双']"
27,Evaluation,PublicMorality,1302,27_骂人_难听_好脏_oi,"['骂人', '难听', '好脏', 'oi', '鄙视', '别骂', '猛拍', '肚皮', '全身上下', '一遍']"
28,Sexuality,PhysicalApperances,1255,28_女变男_变成_男变女_变女,"['女变男', '变成', '男变女', '变女', '变男', '侄女', '装姬', '女人', '勇闯', '男人']"
30,Division,CarryonthefamilyLineage,1270,30_送心_克制_爱是_教官,"['送心', '克制', '爱是', '教官', '烦烦', '心动', '中医', '怀孕', '好消息', '如花']"
31,Identity,LoveDefinition,1209,31_恋爱_谈恋爱_恶心_脑是,"['恋爱', '谈恋爱', '恶心', '脑是', '彩虹', 'der', '没谈过', '不想', '心理学', '需求']"
33,Evaluation,SexualityGuess,1606,33_拉拉_表情_图片_拉子,"['拉拉', '表情', '图片', '拉子', '拉圈', '卡巴', '之歌', '卡玛', '特是', '无可']"
34,Sexuality,PhysicalApperances,1342,34_胡子_络腮胡_大胡子_刮胡子,"['胡子', '络腮胡', '大胡子', '刮胡子', '留胡子', '寸头', '圆脸', '长胡子', '美女', '鼻毛']"
35,Division,Outsider,927,35_听不懂_听懂_英语_中文,"['听不懂', '听懂', '英语', '中文', '名词', '数学', '一句', '听得懂', '专业术语', '明白']"
36,Identity,LoveDefinition,1609,36_女同_男同_惊恐_可怕,"['女同', '男同', '惊恐', '可怕', '害怕', '恐惧', '恐怖', '吓人', '吓死人', '吓死']"
38,Health,MentalIssues,1368,38_变态_性取向_取向_流动,"['变态', '性取向', '取向', '流动', '性向', '变态男', '定义', '统称', '精神病院', '正常']"
40,Evaluation,Approval,1373,40_一拍_随手_右边_相机,"['一拍', '随手', '右边', '相机', '照片', '删除', '网图', '左边', '合拍', '拍照']"
41,Division,Insider,931,41_哈哈哈哈_通讯录_啥意思_加密,"['哈哈哈哈', '通讯录', '啥意思', '加密', '通话', '意思', '本子', '电话', '电话本', '聚会']"
42,Identity,LoveDefinition,996,42_双性恋_谈过_双是_双谈,"['双性恋', '谈过', '双是', '双谈', '不在乎', '双才', '一个双', '歧视', '不在意', '亲过']"
44,Identity,LoveDefinition,935,44_浪漫_双性_异性恋_双性恋,"['浪漫', '双性', '异性恋', '双性恋', '无性', '同性恋', '异性', '纸性', '倾向', '双向']"
45,Identity,Boundaries,1336,45_朋友_暗中_观察_交朋友,"['朋友', '暗中', '观察', '交朋友', '交个', '友谊', '友情', '微信', '好友', '见面']"
46,Identity,Boundaries,861,46_暗中_观察_拜天地_拜把子,"['暗中', '观察', '拜天地', '拜把子', '女寝', '男寝', '室友', '女生宿舍', '男生宿舍', '宿舍']"
47,Evaluation,Approval,927,47_好看_好好看_爱看_越来越,"['好看', '好好看', '爱看', '越来越', '北鼻', '我超', '还怪', '鼓掌', '买不起', '看上']"
48,Sexuality,IntimateDivisionship,1436,48_妈妈_性别_我妈_小妈,"['妈妈', '性别', '我妈', '小妈', '两种', '母亲', '性别歧视', '我滴', '年轻', '伟大']"
49,Identity,LoveDefinition,1168,49_结婚_变弯_已婚_婚姻,"['结婚', '变弯', '已婚', '婚姻', '结了婚', '不婚', '离婚', '弯掉', '不弯', '征婚']"
50,Sexuality,PhysicalApperances,962,50_这颜值_美颜_颜值_阿胶,"['这颜值', '美颜', '颜值', '阿胶', '黑脸', '相中', '脸码', '易容术', '长相', '鼻孔']"
51,Identity,Freedom,990,51_成都_四川_一护_喜欢,"['成都', '四川', '一护', '喜欢', '不亏', '很强', '电线杆', '包容性', '一姐', '南充']"
52,Subculture,Materialistic,1006,52_太像_人生_开心_生活,"['太像', '人生', '开心', '生活', '而活', '短短', '几十年', '活着', '有点像', '活成']"
53,Division,Insider,848,53_干烧_cpu_哈哈哈_拉拉,"['干烧', 'cpu', '哈哈哈', '拉拉', '87', '安慰', '温暖', 'lalaland', '烧干', 'land']"
54,Identity,LoveDefinition,732,54_兄弟_没求_哥们_这辈子,"['兄弟', '没求', '哥们', '这辈子', '求过', '哥们儿', '做好', '宋刚', '拜把子', '哥求']"
55,Sexuality,Courtship,914,55_衣服_这套_宿命_爱上,"['衣服', '这套', '宿命', '爱上', '好看', '穿成', '上衣', '卡哇', '料子', '麦当劳']"
56,Sexuality,PhysicalApperances,1090,56_这腿_老婆_oi_老公,"['这腿', '老婆', 'oi', '老公', '猛拍', '肚皮', '天赋', '说句话', '小腿', '异禀']"
57,Sexuality,PhysicalApperances,1024,57_声音_没图_真相_论文,"['声音', '没图', '真相', '论文', '伪音', '性感', '如你所愿', '盛世', '我焯', '嗓音']"
58,Sexuality,PhysicalApperances,1491,58_好准_挺准_很准_不准,"['好准', '挺准', '很准', '不准', '好色', '太准', '蛮准', '小于', '真准', '小准']"
61,Sexuality,PhysicalApperances,1173,61_化妆_听歌_滤镜_妆容,"['化妆', '听歌', '滤镜', '妆容', '出妆教', '背景音乐', '美颜', '眼妆', '音乐', '画风']"
63,Sexuality,PhysicalApperances,1003,63_减肥_头发_瘦下来_胖子,"['减肥', '头发', '瘦下来', '胖子', '好瘦', '胖胖的', '刘海', '胖胖', '发型', '长发']"
64,Evaluation,Approval,730,64_尊重_同胞_理解_勾引,"['尊重', '同胞', '理解', '勾引', '750w', '伤害', '一张', '照片', '提倡', '支持']"
65,Sexuality,Courtship,1025,65_黑龙江_吉林_长春_辽宁,"['黑龙江', '吉林', '长春', '辽宁', '锦州', '大连', '东北', 'tp', '人民币', '汇率']"
67,Sexuality,PhysicalApperances,820,67_妈妈_伟大_我妈_母亲,"['妈妈', '伟大', '我妈', '母亲', '好好看', '这位', '好看', '妈耶', '内疚', '妈咪']"
68,Subculture,Materialistic,689,68_赚钱_有钱_挣钱_一个月,"['赚钱', '有钱', '挣钱', '一个月', '行业', '有钱人', '工资', '花钱', '各行各业', '没钱']"
69,Identity,LoveDefinition,720,69_不分性别_无关_爱情_性别,"['不分性别', '无关', '爱情', '性别', '吸弯', '相爱', '弯成', '体质', '蚊香', '年龄']"
70,Sexuality,Courtship,1045,70_21_20_19_18,"['21', '20', '19', '18', '22', '性别', '23', '25', '26', '16']"
71,Identity,LoveDefinition,961,71_双性人_ts_双性_tct,"['双性人', 'ts', '双性', 'tct', '小说', '休闲', '存在', '海棠', '保护', '现实']"
72,Identity,Legal,807,72_诈骗_诈骗罪_骗人_骗子,"['诈骗', '诈骗罪', '骗人', '骗子', '觉悟', '子有', '骗钱', '锅盖', '吃醋', '饺子']"
73,Subculture,Materialistic,1125,73_生活_好笑_人生_会笑,"['生活', '好笑', '人生', '会笑', '这辈子', '珍惜', '过好', '倍速', '谈个', '当下']"
74,Evaluation,PublicMorality,709,74_腿子_恶心_斯哈_素材,"['腿子', '恶心', '斯哈', '素材', '地刷', '收集', '鞋子', '回避', '人格', '这脚']"
76,Identity,Boundaries,663,76_圈子_贵圈_混圈_圈子里,"['圈子', '贵圈', '混圈', '圈子里', '真乱', '新鲜感', '诱惑', '进圈', '圈里', '途径']"
78,Evaluation,Approval,816,78_勇敢_勇气_玫瑰_坚强,"['勇敢', '勇气', '玫瑰', '坚强', '勇敢的人', '勇气可嘉', '少年', '佩服', '加油', '好勇']"
80,Identity,Legal,962,80_学校_厕所_女厕所_男厕所,"['学校', '厕所', '女厕所', '男厕所', '女厕', '开学', '违法', '男厕', '学院', '卫生间']"
82,Evaluation,Approval,913,82_结婚_知识_求婚_盲区,"['结婚', '知识', '求婚', '盲区', '领证', '催婚', '知识点', '嫁人', '原地', '结婚证']"
83,Sexuality,Courtship,788,83_广东_广州_东莞_佛山,"['广东', '广州', '东莞', '佛山', '尊重', '珠海', '汕头', '广西', '同情', '惠州']"
84,Division,Insider,839,84_妹妹_姐妹_学着点_学习,"['妹妹', '姐妹', '学着点', '学习', '好好学', '学到', '姐妹俩', '学学', '弟妹', '两姐妹']"
86,Division,ParentApproval,945,86_家长_孩子_大叔_父母,"['家长', '孩子', '大叔', '父母', '小孩', '年轻', '中年', '责任', '老头', '教育']"
87,Identity,Boundaries,881,87_闺蜜_男闺蜜_退后_有钱,"['闺蜜', '男闺蜜', '退后', '有钱', '性恋', '闺蜜们', '这闺蜜', '女闺蜜', '同工同酬', '收留']"
89,Identity,LoveDefinition,854,89_不分性别_直女_无关_硬生生,"['不分性别', '直女', '无关', '硬生生', '爱情', '性别', '弯吧', '限定', 'love', '配黑']"
90,Division,Outsider,613,90_学习_学学_学到_我学,"['学习', '学学', '学到', '我学', '来学', '好好学', '你学', '学会', '撒谎', '学着点']"
92,Evaluation,PublicMorality,822,92_le_模仿_超越_抄袭,"['le', '模仿', '超越', '抄袭', '大白', '没叫', '标签', '永存', '魑魅魍魉', '划走']"
93,Sexuality,SexualBehaviors,787,93_接吻_亲密_接触_泪奔,"['接吻', '亲密', '接触', '泪奔', '亲亲', '亲嘴', '牵手', 'me', '呜呜', '亲吻']"
95,Identity,LoveDefinition,614,95_无性_恋是_恋者_圈子,"['无性', '恋是', '恋者', '圈子', '無性', '兴趣', '恋玩', '贵圈', '无性繁殖', '无爱者']"
96,Identity,LoveDefinition,625,96_同性恋_异性恋_歧视_同性,"['同性恋', '异性恋', '歧视', '同性', '尊重', '反对', '理解', '接受', '支持', '群体']"
97,Sexuality,Courtship,701,97_小狗_狗狗_细狗_勇闯,"['小狗', '狗狗', '细狗', '勇闯', '狗子', '奶狗', '流浪狗', 'dog', '评论', '汪汪']"
98,Evaluation,Approval,887,98_xsh_sai_az_nb,"['xsh', 'sai', 'az', 'nb', 'jake', '市场', 'hzy', 'jy', 'qi', 'zzl']"
99,Sexuality,Courtship,713,99_蹲个_学校_在线_校区,"['蹲个', '学校', '在线', '校区', '开学', '吉林大学', '学院', '同学', '毕业', '成体']"
100,Division,Insider,657,100_家乡_河北_邢台_评论,"['家乡', '河北', '邢台', '评论', '推荐', '区好', '唐山', '沧州', '石家庄', '甘肃']"
101,Sexuality,Courtship,569,101_宕机_广东_引爆_谈不到,"['宕机', '广东', '引爆', '谈不到', '分钟', '10', '标签', 'ppl', '贺州', '我断']"
102,Sexuality,Courtship,720,102_找个_找到_不到_没人,"['找个', '找到', '不到', '没人', '以后', '关灯', '开灯', '康桥', '单间', '睡觉']"
103,Division,ParentApproval,937,103_美女_孩子_家长_教育,"['美女', '孩子', '家长', '教育', '父母', '小孩', '母亲', '漂亮', '平安', '妈妈']"
104,Sexuality,IntimateDivisionship,525,104_感觉_闺蜜来_闺蜜_这种,"['感觉', '闺蜜来', '闺蜜', '这种', '有种', '感受', '胡茬', '尊贵', '体会', '觉得']"
105,Health,Therapy,511,105_变化_变回来_变回去_改变,"['变化', '变回来', '变回去', '改变', '好大', '变变', '变身', '变得', '变成', '改观']"
106,Evaluation,Approval,568,106_好美_太美_小美_美好,"['好美', '太美', '小美', '美好', '美死', '美疯', '美到', '美的', '漂亮', '美丽']"
107,Evaluation,Approval,770,107_裤子_链接_苦命_牛仔裤,"['裤子', '链接', '苦命', '牛仔裤', '紧身裤', '裤衩', '太苦', '脱衣服', '皮裤', '厄运']"
108,Evaluation,PublicMorality,549,108_骗婚_女方_结婚_男方,"['骗婚', '女方', '结婚', '男方', '不骗', '离婚', '赔偿', '孩子', '乱搞', '该死']"
110,Evaluation,PublicMorality,593,110_卧槽_无性_恋是_被压迫,"['卧槽', '无性', '恋是', '被压迫', '恋者', '性需求', '神秘', 'wangwei', '恋前', '菲会']"
111,Identity,Freedom,962,111_金泰_崔然竣_崔然_文明,"['金泰', '崔然竣', '崔然', '文明', '赵妈', '文化', '中国', '社会', '泰亨', '格局']"
112,Sexuality,PhysicalApperances,600,112_长发_短发_小狗_土狗,"['长发', '短发', '小狗', '土狗', '摇尾巴', '颜狗', '飞跑', '鼻青脸肿', '撞开', '打架']"
113,Identity,GenderIdentity,601,113_沃尔玛_购物袋_塑料袋_滋儿,"['沃尔玛', '购物袋', '塑料袋', '滋儿', '纹身', '太牛', '真牛', '司马懿', '定位', '大佬']"
114,Sexuality,Courtship,685,114_哈哈哈哈_蹲个_哈哈哈_对象,"['哈哈哈哈', '蹲个', '哈哈哈', '对象', '陕西', '未婚', '蹲谱', '蹲秀', '蹲同', 'wuwuwu']"
115,Sexuality,PhysicalApperances,549,115_身材_宕机_体型_好身材,"['身材', '宕机', '体型', '好身材', '焦虑', '08', '方言', '不错', '管理', '身板']"
116,Sexuality,SexualBehaviors,711,116_亲亲_接吻_亲嘴_老实,"['亲亲', '接吻', '亲嘴', '老实', 'kiss', '找到', '没人要', '没亲', '亲亲的', '亲吻']"
117,Evaluation,PublicMorality,706,117_三观_颠覆_震碎_很正,"['三观', '颠覆', '震碎', '很正', '刷新', '不正', '至上', '契合', '太正', '第十']"
121,Evaluation,Approval,613,121_卧槽_双标_睡一觉_兴奋,"['卧槽', '双标', '睡一觉', '兴奋', '大学生', '男孩子', '男童', '男模', '男娘', 'boy']"
122,Sexuality,Courtship,612,122_老婆_金泰_bt_媳妇,"['老婆', '金泰', 'bt', '媳妇', '嫉妒', '朴志晟', '喝醉', '那一晚', '会想', '裴珠']"
123,Sexuality,Courtship,534,123_河南_河北_郑州_烟花,"['河南', '河北', '郑州', '烟花', '石家庄', '保定', '邯郸', '沃尔玛', '商丘', '购物袋']"
125,Sexuality,PhysicalApperances,593,125_嘴巴_舌头_嘴唇_口水,"['嘴巴', '舌头', '嘴唇', '口水', '大舌头', '嘴角', '流口水', '抿嘴', '牙齿', '嘴里']"
126,Identity,Freedom,473,126_成都_不愧_历史_传承,"['成都', '不愧', '历史', '传承', '机场', '三观', '从古至今', '没事', '历史悠久', '底蕴']"
127,Evaluation,PublicMorality,621,127_男厕_女厕_女厕所_男厕所,"['男厕', '女厕', '女厕所', '男厕所', '厕所', '导演', '电视剧', '本色', '我演', '出演']"
128,Sexuality,IntimateDivisionship,537,128_前男友_前任_前女友_灵机一动,"['前男友', '前任', '前女友', '灵机一动', '前夫', '分手', '机会', '我前', '前前', '前妻']"
129,Sexuality,PhysicalApperances,620,129_健身_健身房_腹肌_肌肉,"['健身', '健身房', '腹肌', '肌肉', '肌肉男', '教练', '吸引', '过度', '比赛', '这口']"
130,Division,ParentApproval,557,130_同性恋_孩子_父母_儿子,"['同性恋', '孩子', '父母', '儿子', '我妈', '妈妈', '家长', '接受', '同性', '前男友']"
132,Evaluation,Approval,494,132_我靠帅_kitty_猫猫_卧槽,"['我靠帅', 'kitty', '猫猫', '卧槽', 'wow', '拉拉', '我家', 'brat', 'cua', '飞天猫']"
135,Evaluation,Approval,454,135_救命_祖坟_天花板_考古,"['救命', '祖坟', '天花板', '考古', '大吉大利', '救救', '青烟', '下葬', '连滚带爬', '发财']"
136,Identity,Freedom,544,136_歧视_幸福_有福_尊重,"['歧视', '幸福', '有福', '尊重', '福中', '身在', '反对', '权利', '理解', '平等']"
137,Sexuality,Courtship,477,137_重庆_荆州_武汉_湖北,"['重庆', '荆州', '武汉', '湖北', '金州', '北碚', '遵义', '大连', '蹲个', '来个']"
138,Evaluation,Approval,468,138_幸福_幸运_不幸_真幸福,"['幸福', '幸运', '不幸', '真幸福', '运气', '时刻', '福气', '幸福生活', '喜乐', '美好']"
139,Sexuality,Courtship,530,139_老公_200_丈夫_300,"['老公', '200', '丈夫', '300', '100', '如花', '一万', '为夫', '一亮', '好桑心']"
140,Sexuality,Courtship,541,140_武汉_湖北_艾特_麦克阿瑟,"['武汉', '湖北', '艾特', '麦克阿瑟', '推特', '定居', '麦艾斯', '武昌区', '坐标', '十堰']"
142,Subculture,Culture,524,142_我趣_手册_莲花_攻略,"['我趣', '手册', '莲花', '攻略', '老实', '沈阳', '模糊不清', '辟邪', '土豆', '猪圈']"
143,Sexuality,Courtship,451,143_东北_辽宁_沈阳_口音,"['东北', '辽宁', '沈阳', '口音', '去一趟', '辽宁沈阳', '疾病', '吉林', '鞍山', '黑龙江']"
145,Identity,LoveDefinition,453,145_得不到_喜欢_推特_真心,"['得不到', '喜欢', '推特', '真心', '之后', '得到', '努力争取', '多久', '就行', '深知']"
146,Evaluation,Approval,511,146_艾比_装逼_作息_美国,"['艾比', '装逼', '作息', '美国', '加油', '采访', '国外', 'abbily', 'mp', '很棒']"
147,Subculture,Culture,483,147_博主_王一博_肖战_一肖,"['博主', '王一博', '肖战', '一肖', '博君', '当博主', '肖战王', '抄袭', '看博主', '一博']"
149,Health,Therapy,471,149_手术_做手术_术后_动手术,"['手术', '做手术', '术后', '动手术', '医学', '发达', '做个', '裂开', '手术费', '医院']"
150,Health,AIDS,450,150_艾滋病_艾滋_hiv_感染,"['艾滋病', '艾滋', 'hiv', '感染', '传染', '药娘', '病毒', '会得', '传播', '传染病']"
151,Identity,Freedom,440,151_美国_氛围_诡计多端_不去,"['美国', '氛围', '诡计多端', '不去', '止损', '整容', '泰国', '美帝', '国家', '及时']"
152,Division,Insider,486,152_南通_彩虹_绝望_凝视,"['南通', '彩虹', '绝望', '凝视', '麻绳', '专挑细', '处断', 'ex', '阻断', '女通']"
153,Division,Insider,483,153_博主_博主是_这博主_优秀,"['博主', '博主是', '这博主', '优秀', '博主好', '主叫', '男博主', '主讲', '接受', '博主说']"
155,Identity,GenderIdentity,461,155_裂开_月亮_moon_变性,"['裂开', '月亮', 'moon', '变性', '太准', '杂裂', '我裂', '死神', '苏培盛', '装备']"
158,Identity,Freedom,451,158_泰国_太好了_回来_省长,"['泰国', '太好了', '回来', '省长', '喜猪妹', '维生素', '太难', '去一趟', '泰语', '去过']"
159,Identity,Legal,556,159_接受_不了_犯法_违法,"['接受', '不了', '犯法', '违法', '扰乱', '法律', '违反', '排斥', '底线', '接纳']"
160,Division,Insider,439,160_直播_直播间_行业_甜死,"['直播', '直播间', '行业', '甜死', '打赏', '平台', '关闭', '管管', '广场', '音响']"
161,Identity,Boundaries,432,161_男生_后滴_群嘛_女孩子,"['男生', '后滴', '群嘛', '女孩子', '女生', '搭群', '00', '90', '适合', '拥有']"
162,Sexuality,PhysicalApperances,518,162_发型_头发_山东_济南,"['发型', '头发', '山东', '济南', '临沂', '菏泽', '发色', '烟台', '剪头发', '淄博']"
163,Evaluation,Approval,548,163_纯爱_战士_应声_倒地,"['纯爱', '战士', '应声', '倒地', '战神', '清纯', '快分', '17', 'man', '纯色']"
164,Sexuality,PhysicalApperances,503,164_短发_长发_剪短_头发,"['短发', '长发', '剪短', '头发', '全校', '秒杀', '啥意思', '多帅', '发了', '发有']"
165,Identity,LoveDefinition,613,165_变性_祝福_变性人_恭喜,"['变性', '祝福', '变性人', '恭喜', '百年好合', '寿命', '祝你们', '希望', '不变性', '性转']"
166,Sexuality,PhysicalApperances,529,166_月经_大姨妈_姨妈_没来,"['月经', '大姨妈', '姨妈', '没来', '例假', '癌症', '不来', '14', '痛经', '感冒']"
167,Evaluation,PublicMorality,760,167_小心_犯贱_注意_真贱,"['小心', '犯贱', '注意', '真贱', '安全感', '放心', '人贱', '纯贱', '原来', '保护']"
168,Sexuality,PhysicalApperances,585,168_激素_注射_雌激素_雌性激素,"['激素', '注射', '雌激素', '雌性激素', '雄性激素', '雄激素', '分泌', '副作用', '第三', '我得']"
169,Identity,Legal,405,169_法律_违法_道德_公序良,"['法律', '违法', '道德', '公序良', '犯法', '违背', '国家', '违反', '风俗', '不道德']"
170,Evaluation,Approval,606,170_宝宝_甜死_太甜_红脸,"['宝宝', '甜死', '太甜', '红脸', 'baby', '很甜', '甜甜', '别太甜', '宝贝', '大宝']"
171,Evaluation,Approval,735,171_zzl_恭喜_佩服_zs,"['zzl', '恭喜', '佩服', 'zs', '咖啡', '感谢', '鼓掌', '缩写', '滚滚', 'zy']"
172,Identity,Boundaries,663,172_进群_有群_子群_建了,"['进群', '有群', '子群', '建了', '想建', '想进', '拉群', '同一个', '拉拉', '建个']"
173,Sexuality,Courtship,477,173_山东_青岛_潍坊_济南,"['山东', '青岛', '潍坊', '济南', '以北', '山南', '山东人', '德州', '济宁', '侄女']"
174,Identity,LoveDefinition,526,174_纯爱_炸裂_无敌_纯情,"['纯爱', '炸裂', '无敌', '纯情', '通透', '纯洁', '崩溃', '碎片', '相当', '绝杀']"
175,Identity,GenderIdentity,538,175_爷名_卷卷_十二卷_个帅,"['爷名', '卷卷', '十二卷', '个帅', '昵称', '名字', '爱好', '自我介绍', '来个帅', '军书']"
176,Evaluation,Approval,512,176_祝福_祝你们_幸福_下辈子,"['祝福', '祝你们', '幸福', '下辈子', '希望', '判断', '久久', '幸福快乐', '无辜', '祝你幸福']"
177,Identity,Freedom,572,177_无奇不有_还给_一环_野花,"['无奇不有', '还给', '一环', '野花', '不大行', '有没有', '真有', '不信', '流弊', '无中生有']"
178,Sexuality,PhysicalApperances,494,178_测测_露脸_脸型_娇羞,"['测测', '露脸', '脸型', '娇羞', '伟大', '这脸', '长得', '我测', '撒娇', '变脸']"
179,Sexuality,PhysicalApperances,522,179_好会_出手_不会_会喜,"['好会', '出手', '不会', '会喜', '啊啊啊', '哈斯', 'omg', 'ctrl', '点燃', 'black']"
180,Sexuality,PhysicalApperances,586,180_小心_注意_好帅_危险,"['小心', '注意', '好帅', '危险', '注意安全', '太帅', '安全', '提醒', '防护', '很帅']"
181,Sexuality,PhysicalApperances,387,181_炸裂_美炸_静脉曲张_炸飞,"['炸裂', '美炸', '静脉曲张', '炸飞', '炸碎', '发明', '丝袜', '火花', '老炸', '炸起']"
182,Sexuality,Courtship,460,182_先谈_我谈_这辈子_眼睛,"['先谈', '我谈', '这辈子', '眼睛', '想谈', '谈个', '纸尿裤', '谈不谈', '能谈', '让开']"
183,Sexuality,IntimateDivisionship,492,183_宝宝_宝贝_宝儿_宝子,"['宝宝', '宝贝', '宝儿', '宝子', '身高', '180', '宝子们', 'kids', '175', '高定']"
184,Evaluation,Approval,786,184_鼓掌_惊喜_佩服_哈哈哈哈,"['鼓掌', '惊喜', '佩服', '哈哈哈哈', '哈哈哈', '击掌', '求求', '我求', '不活', '跪下']"
185,Division,Insider,563,185_懂吗_差距_主打_骚哄,"['懂吗', '差距', '主打', '骚哄', '懂不懂', '差别', '区别', '反差', '摊整', '一个']"
186,Sexuality,IntimateDivisionship,727,186_他俩_评论_咱俩_两口子,"['他俩', '评论', '咱俩', '两口子', '两个', '这俩', '相声', '双胞胎', '一对', '比上']"
187,Evaluation,Approval,515,187_炸裂_发呆_相当_炸弹,"['炸裂', '发呆', '相当', '炸弹', '崩溃', '爆炸', '红脸', '大出血', '这血', 'dnf']"
188,Division,Insider,404,188_名字_认出来_挂饰_英文名,"['名字', '认出来', '挂饰', '英文名', '洋气', '点名', '改名', '改名字', '雄鹰', '网名']"
189,Identity,GenderIdentity,404,189_无辜_鉴别_分辨_辨别,"['无辜', '鉴别', '分辨', '辨别', '报名', 'cp', '个事', '事儿', '愿者上钩', '恩爱']"
190,Division,Insider,524,190_看不到_没见_plq_prep,"['看不到', '没见', 'plq', 'prep', '见过', '看不见', '看到', '有过', '看见', 'py']"
191,Division,Insider,493,191_我测_测测_来测_测试,"['我测', '测测', '来测', '测试', '快来测', '测出', '理解', '测完', '别测', '你测']"
192,Division,Insider,388,192_不会_我会_个泛_一脚,"['不会', '我会', '个泛', '一脚', 'will', '下次', '好会', '标签', '数数', 'cd']"
193,Sexuality,Courtship,464,193_多久_成分_秦皇岛_愿意,"['多久', '成分', '秦皇岛', '愿意', '周瑶', '复杂', '刮骨刀', '化学', '微笑', '阉割']"
194,Evaluation,PublicMorality,424,194_恶心_乱搞_周周_男同,"['恶心', '乱搞', '周周', '男同', '同性', '异性恋', '同性恋', '异性', '瑶瑶', '魔力']"
195,Subculture,Culture,503,195_好帅_惊呆_子期_九敏,"['好帅', '惊呆', '子期', '九敏', '微笑', 'mad', '惊为天人', '惊人', '我服', '惊到']"
196,Sexuality,PhysicalApperances,563,196_卫生巾_正义_胸口_小便,"['卫生巾', '正义', '胸口', '小便', '发呆', '之声', '撒尿', '姨妈', '尿不湿', '拉尿']"
197,Identity,GenderIdentity,451,197_丝袜_发明_高跟鞋_最早,"['丝袜', '发明', '高跟鞋', '最早', '男士', '设计', '欧洲', '最初', '贵族', '可爱']"
198,Sexuality,PhysicalApperances,389,198_声音_女声_男声_声带,"['声音', '女声', '男声', '声带', '男调', '声线', '好听', '女性化', '听不出来', '听不出']"
199,Division,Insider,453,199_一枝梅_深奥_快学_枕头,"['一枝梅', '深奥', '快学', '枕头', '不活', '帅晕', '阿姨', '一剪梅', '公主', '一支']"
201,Sexuality,Courtship,560,201_身高_180_170_190,"['身高', '180', '170', '190', '168', '原神', '175', '165', '北方', '无聊']"
203,Division,ParentApproval,545,203_懂吗_我妈_妈妈_孝顺,"['懂吗', '我妈', '妈妈', '孝顺', '不太懂', '家里', '父母', '我爸', '相亲', '懂不懂']"
204,Health,Genetics,422,204_发呆_后天_近亲_先天,"['发呆', '后天', '近亲', '先天', '天生', '黄骅', '干哈', '基因', '卧槽', '近亲繁殖']"
205,Health,Therapy,393,205_医生_医院_无缘_全靠,"['医生', '医院', '无缘', '全靠', '学医', '医学生', '39', '大夫', '妇科', '大叔']"
206,Evaluation,Approval,350,206_cp_师妹_追星_be,"['cp', '师妹', '追星', 'be', '一对', '磕个', 'id', '男同', '二次元', '浪漫派']"
207,Health,Therapy,432,207_整容_整一个_咋整_321,"['整容', '整一个', '咋整', '321', '太假', '整形', '整得', '整成', '整挺', '整过']"
208,Sexuality,Courtship,866,208_拿下_一张_照片_征服,"['拿下', '一张', '照片', '征服', '多万', '800w', '400', '500', '540w', '六百万']"
209,Identity,Freedom,438,209_开放_西方_思想_社会,"['开放', '西方', '思想', '社会', '国家', '进步', '价值观', '时代', '封建', '国外']"
210,Identity,LoveDefinition,379,210_取向_性取向_恶心_石化,"['取向', '性取向', '恶心', '石化', '人心', '从来不', '乱搞', '尊重', '性向', '无关']"
211,Evaluation,Approval,393,211_姐姐_关注_气叭_啊啊啊,"['姐姐', '关注', '气叭', '啊啊啊', '哈斯', '哈欠', '长姐', '亲亲', '咖啡', 'cpdd']"
212,Evaluation,Approval,461,212_说句话_理解_老公_不了,"['说句话', '理解', '老公', '不了', '大为', '特立独行', '理解万岁', '会试', '陶晶莹', '无法']"
213,Identity,GenderIdentity,414,213_裙子_小时候_来个_吊带裙,"['裙子', '小时候', '来个', '吊带裙', '围裙', '麻麻', '这图', '穿过', '奥特曼', '买件']"
215,Identity,Boundaries,579,215_标签_试试_贴标签_刻板,"['标签', '试试', '贴标签', '刻板', '几个', '印象', '震惊', '试纸', '凋谢', 'lisa']"
217,Subculture,Culture,365,217_哥哥_我哥_cpu_他爸,"['哥哥', '我哥', 'cpu', '他爸', '烧坏', '弟弟', '哥太对', '亲哥', '爸爸', '云吞']"
218,Health,Therapy,353,218_想切_割掉_一刀_棍子,"['想切', '割掉', '一刀', '棍子', '割下来', '小刀', '切掉', '疤痕', '切下来', '肋骨']"
219,Subculture,Culture,541,219_周周_路线_加入_周姐,"['周周', '路线', '加入', '周姐', '搞笑', '周周姐', '入侵', '颜值', '打扮起来', '进去']"
222,Evaluation,RecommendationAlgorithms,371,222_发呆_刷到_半兽人_天寒,"['发呆', '刷到', '半兽人', '天寒', 'estrus', 'zyz', 'else', '既刷', '離風', 'cherk']"
224,Evaluation,Approval,345,224_再见_系统_啊啊啊_我得,"['再见', '系统', '啊啊啊', '我得', '谈个', '冲冲', '爱心', '吼吼', '高质', '必须']"
225,Division,Society,395,225_txl_知道_无知_yhx,"['txl', '知道', '无知', 'yhx', '真不知道', '第一次', '一时间', 'vx', '周知', '一时之间']"
226,Sexuality,SexualBehaviors,460,226_真相_有图_三个_无图,"['真相', '有图', '三个', '无图', '没图', '原图', '照片', '阴影', '面积', '图二']"
227,Evaluation,Approval,375,227_可爱_小可爱_秘密_狐狸,"['可爱', '小可爱', '秘密', '狐狸', '惊喜', '生物', '监护人', '男里', 'kisskiss', '你好']"
229,Sexuality,Courtship,484,229_大姨_姨姨_阿姨_彩虹,"['大姨', '姨姨', '阿姨', '彩虹', '二姨', '莲花', '甜心', '追求', '小姨', '表白']"
230,Identity,LoveDefinition,389,230_知识_增加_奇怪_单性,"['知识', '增加', '奇怪', '单性', '奇奇怪怪', '单恋', '普及', '涨涨', '学习', '来涨']"
231,Evaluation,Approval,433,231_摩羯座_最后_太漂亮_什么游戏,"['摩羯座', '最后', '太漂亮', '什么游戏', '配摩', '我摩', '魔羯', '最配', '处女', '归摩']"
232,Sexuality,Courtship,493,232_好玩_分手_异地_分开,"['好玩', '分手', '异地', '分开', '玩儿', 'ex', '咋玩', '失恋', '能分', '真会']"
236,Health,Genetics,342,236_遗传_基因_生物_dna,"['遗传', '基因', '生物', 'dna', '遗传基因', '基因突变', '决定', '生物课', '天生', '生物学']"
237,Division,ParentApproval,443,237_我妈_我爸_妈妈_结婚,"['我妈', '我爸', '妈妈', '结婚', '爸妈', '父爱', '以后', '父母', '同意', '问过']"
240,Identity,Boundaries,377,240_温州_浙江_温州人_大笑,"['温州', '浙江', '温州人', '大笑', '偷笑', '这女', '杭州', '不当', 'one', '一種']"
241,Evaluation,Othersjudgments,424,241_真的假_伏特加_真假_好假,"['真的假', '伏特加', '真假', '好假', '有假', '造假', '啤酒', '可乐', '以假乱真', '两瓶']"
245,Evaluation,RecommendationAlgorithms,373,245_关注_分配_推送_陈婧,"['关注', '分配', '推送', '陈婧', '白眼', '从未', '果断', '错人', 'tiktok', '小羽']"
249,Evaluation,PublicMorality,430,249_裙子_扰民_穿包_规定,"['裙子', '扰民', '穿包', '规定', '小裙', '哪条', '法律', '过去', '短裙', '苏格兰']"
251,Identity,Legal,323,251_骗婚_同妻_当同妻_男同,"['骗婚', '同妻', '当同妻', '男同', '欺骗', '乱搞', '结婚', '恶心', '同性恋', '骗人']"
253,Division,Outsider,362,253_cpu_干烧_抽烟_冒烟,"['cpu', '干烧', '抽烟', '冒烟', '烧干', '干爆', '烟花', '烧坏', '一句', '要命']"
254,Evaluation,Approval,388,254_主播_能量_支持_这主播,"['主播', '能量', '支持', '这主播', '女主播', '正义', '性别', '关闭', '监狱', '直播']"
255,Sexuality,Courtship,657,255_女朋友_找个_男朋友_排队,"['女朋友', '找个', '男朋友', '排队', '歪日', '安排', '交换', '啥时候', '开幕', '雷击']"
259,Identity,Legal,418,259_进去_警察_破案_进不去,"['进去', '警察', '破案', '进不去', '放进去', '没进', '支持', '球球', '驱赶', '叔叔']"
260,Sexuality,Courtship,339,260_求个_想要_太吵_111111,"['求个', '想要', '太吵', '111111', '1111111', '要个', '噪音', '座位', '需要', '01']"
261,Evaluation,RecommendationAlgorithms,408,261_抱抱_会刷_我直_刷到,"['抱抱', '会刷', '我直', '刷到', '擦边', '老刷', '直女', '总刷', '一女', '女子']"
265,Evaluation,Approval,447,265_txl_好米_不用谢_男装,"['txl', '好米', '不用谢', '男装', '阿弥陀佛', '对不起', '不好意思', '谢谢', '感谢', '再见']"
268,Health,Therapy,416,268_变态_亲嘴_我孕点_不准,"['变态', '亲嘴', '我孕点', '不准', '床位', '痔疮', '共享', '发起', '一口', '女初']"
272,Identity,LoveDefinition,343,272_单恋_单性_叫性_我性,"['单恋', '单性', '叫性', '我性', '勇闯', '单向', 'lithromantic', '这不性', '这算性', 'lithos']"
278,Identity,LoveDefinition,391,278_泛性_我泛_性恋_二元,"['泛性', '我泛', '性恋', '二元', '最低', '说泛', '这颜值', '评价', '最高', '男神']"
281,Health,Therapy,367,281_药店_处方药_处方_这药,"['药店', '处方药', '处方', '这药', '买药', '吃药', '卖药', '家长', '责任', '违规']"
282,Identity,LoveDefinition,297,282_不直_直不直_不太直_江直,"['不直', '直不直', '不太直', '江直', '大道', '天府', '很直', '半直', '看起来', '那根']"
286,Identity,Boundaries,371,286_比心_le_建了_建个,"['比心', 'le', '建了', '建个', '人进', '婉拒', '要进', '有宝子', '小群', '扩大']"
287,Sexuality,Courtship,303,287_四川_泸州_成都_四川人,"['四川', '泸州', '成都', '四川人', '绵阳', '口音', '先谈', '南充', 'ppl', '土同']"
289,Evaluation,Approval,364,289_羡慕_好羡慕_树懒_冰河,"['羡慕', '好羡慕', '树懒', '冰河', '世纪', '椰子', '师大', '嫉妒', '自然', '树能']"
291,Sexuality,Courtship,298,291_遇到_遇不到_遇见_碰到,"['遇到', '遇不到', '遇见', '碰到', '偶遇', '想见', '有着', '后天', '确是', '但恋']"
292,Identity,Legal,438,292_白眼_报警_翻白眼_眼白,"['白眼', '报警', '翻白眼', '眼白', '投诉', '扰乱', '110', '监控', '扰民', '公共秩序']"
294,Identity,GenderIdentity,422,294_嫂子_加油_努力_坚持,"['嫂子', '加油', '努力', '坚持', '能量', '老嫂', '稳赢', '调养', '拳头', '兜兜']"
299,Sexuality,Courtship,377,299_嘎嘎_专业_奶粉_至上,"['嘎嘎', '专业', '奶粉', '至上', 'top', '奶一', '我奶', '有奶', '搜嘎', '好奶']"
301,Subculture,Culture,321,301_纸片_粘人_现实_迷死,"['纸片', '粘人', '现实', '迷死', '无感', '生理', '黏人', '碳基', '这算', '雄性']"
302,Identity,LoveDefinition,725,302_焦虑_生理_心理_年龄,"['焦虑', '生理', '心理', '年龄', '身体', '年纪', '男性', '冲动', '接触', '感兴趣']"
304,Division,Insider,282,304_不看_看看_来看_看嘛,"['不看', '看看', '来看', '看嘛', '别看', '喉结', '看吧', '不值', '报看', '瞧瞧']"
305,Subculture,Culture,299,305_社恐_磕到_摔死_吓死,"['社恐', '磕到', '摔死', '吓死', '磕过', '太好', '磕死', '吓人', '磕反', '别太好']"
306,Identity,GenderIdentity,290,306_性别_杨世兰_李博士_看不出,"['性别', '杨世兰', '李博士', '看不出', '看不出来', '跨女', 'gender', '手术', '物种', '天鹅']"
309,Identity,Legal,369,309_警察_叔叔_民警_91,"['警察', '叔叔', '民警', '91', '警官', '点赞', '80', '蜀黍', '92', '忍不住']"
310,Division,ParentApproval,431,310_说话_爸爸_哈欠_讲话,"['说话', '爸爸', '哈欠', '讲话', '我爸', '我服', '扣扣', '装逼', '语气', '爹妈']"
312,Sexuality,SexualBehaviors,528,312_抱抱_拥抱_不想_不敢,"['抱抱', '拥抱', '不想', '不敢', '想要', '睡觉', '幻想', '枕头', '想不通', '军嫂']"
313,Evaluation,Approval,277,313_谢谢_好米_会谢_不用谢,"['谢谢', '好米', '会谢', '不用谢', '小米', '感恩', '谢特', '我天', '子宫', '老谢']"
315,Identity,LoveDefinition,936,315_后来_接触_好看_朋友,"['后来', '接触', '好看', '朋友', '同性', '感情', '那种', '异性', '男生', '女生']"
316,Identity,LoveDefinition,314,316_纸性_性恋_纸片_破案,"['纸性', '性恋', '纸片', '破案', '深井', '总理', '浪漫', '我纸', '冰岛', '三次']"
317,Sexuality,PhysicalApperances,332,317_物种_好香_大润发_香香,"['物种', '好香', '大润发', '香香', '漂亮', '好爽', '软软', '爽死', '多香', '种族']"
318,Sexuality,PhysicalApperances,510,318_啊啊啊_哇哇_滚滚_色系,"['啊啊啊', '哇哇', '滚滚', '色系', '先谈', '爱看', '哦哦哦', '见色', '起意', '好看']"
319,Identity,LoveDefinition,337,319_属性_烙铁_tph_头发,"['属性', '烙铁', 'tph', '头发', '重要', '屬性', '撩开', '猜猜', '铁汉', '崔然竣']"
320,Identity,LoveDefinition,478,320_风格_这姐_姐姐_类型,"['风格', '这姐', '姐姐', '类型', '这种', '漂亮', '这款', '好美', '小姐姐', '姐妹']"
321,Health,AIDS,294,321_洗手_洗衣服_干净_洗手液,"['洗手', '洗衣服', '干净', '洗手液', '卫生', '七步', '脏东西', '很脏', '手法', '好脏']"
322,Evaluation,Approval,366,322_成功_姐姐_做到_过程,"['成功', '姐姐', '做到', '过程', '机会', '三次', '姐们', '泣不成声', '姐妹', '邻居']"
324,Sexuality,Courtship,416,324_单身_单着_脱单_未婚,"['单身', '单着', '脱单', '未婚', '未育', '送心', '94', '93', '草履虫', '爱看']"
325,Health,Therapy,376,325_拉屎_男童_便秘_女童,"['拉屎', '男童', '便秘', '女童', '大便', '不住', '幼儿园', '拉个', '撒尿', '泼粪']"
327,Evaluation,Approval,392,327_画面_消失_牛牛_牛马,"['画面', '消失', '牛牛', '牛马', '和谐', '真牛', '画面感', '河马', '牛子', '太牛']"
330,Identity,Boundaries,286,330_勇闯_一护_直女_尖椒,"['勇闯', '一护', '直女', '尖椒', '江西', '抚州', '无机物', 'tag', '评论', '还好']"
331,Evaluation,Approval,292,331_澡堂_比心_洗澡_浴室,"['澡堂', '比心', '洗澡', '浴室', '公共', '搓澡', '女浴室', '新人', '肥皂', '小文']"
332,Evaluation,Approval,320,332_心动_老婆_从小_伊藤诚,"['心动', '老婆', '从小', '伊藤诚', '奖励', '越出', '疯狂', '狠狠心', '红线', '初衷']"
334,Sexuality,PhysicalApperances,328,334_肚子疼_女相_漂亮_男孩子,"['肚子疼', '女相', '漂亮', '男孩子', '太痛', '好看', '男相', '肚子痛', '美男', '美的']"
336,Division,Society,321,336_朋友圈_造孽_说得对_zhi,"['朋友圈', '造孽', '说得对', 'zhi', '只格', '支格', '可能', '好能发', '好像', '主角']"
337,Evaluation,Approval,407,337_正常_发怒_终于_吐舌,"['正常', '发怒', '终于', '吐舌', '一回', '吐血', '总算', '彩超', '烦死', '汽油']"
338,Sexuality,PhysicalApperances,371,338_御姐_好好_御姐音_你好,"['御姐', '好好', '御姐音', '你好', '最好', 'pyyds', '和妹', '多好', '和姐', '不爱姐']"
339,Evaluation,Approval,499,339_加油_赞同_同意_说得好,"['加油', '赞同', '同意', '说得好', '奋斗', '反对', '同感', '应对', '宣传', '这句']"
340,Identity,LoveDefinition,350,340_律师_双面_不粘锅_生不逢时,"['律师', '双面', '不粘锅', '生不逢时', '泰国', '泰国人妖', '面筋', '警察', '人妖', '下岗']"
342,Health,Therapy,296,342_金星_成功_意思_传奇,"['金星', '成功', '意思', '传奇', '强大', '暗示', '徒弟', '敢说敢做', '老金', '迅录']"
343,Sexuality,Courtship,332,343_找对象_对象_不到_找个,"['找对象', '对象', '不到', '找个', '感谢', '找到', '发际', '发给', '王德发', '170']"
344,Sexuality,Courtship,256,344_le_要进_想建_建了,"['le', '要进', '想建', '建了', '有人', '想建个', '群嘛', '刚建', '人进', '群有']"
345,Division,Insider,423,345_两岁_剧本_震耳欲聋_记事,"['两岁', '剧本', '震耳欲聋', '记事', '沉默', '记忆', '陌生', '男同', '记得', '百闻不如一见']"
348,Evaluation,Othersjudgments,285,348_打死_打人_准死_挨打,"['打死', '打人', '准死', '挨打', '欠揍', '一拳', '真铜', '挨揍', '火炼', '男铜']"
349,Identity,Freedom,414,349_美国_97_多种_性别,"['美国', '97', '多种', '性别', '几十种', '民族', '评论', '国外', '九十七', '112']"
350,Health,Therapy,269,350_护士_护工_男护士_4i,"['护士', '护工', '男护士', '4i', '护理', '第一', '不住', '养老院', '湘潭', '长沙']"
352,Sexuality,Courtship,375,352_真帅_怀孕_没叫_孕吐,"['真帅', '怀孕', '没叫', '孕吐', '超越', '宁波', '花卷', '烦死', '讨厌', '模仿']"
353,Evaluation,Approval,751,353_加油_坚持_姐姐_姐妹,"['加油', '坚持', '姐姐', '姐妹', '大姐', '弟弟', '双胞胎', '坚持下去', '继续', '一起']"
354,Sexuality,SexualBehaviors,580,354_硅胶_男朋友_裤是_裤子,"['硅胶', '男朋友', '裤是', '裤子', '女朋友', '提灯', '内裤', '某宝', '淘宝', '男友']"
355,Identity,LoveDefinition,459,355_厌女_讨厌_不厌_厌蠢,"['厌女', '讨厌', '不厌', '厌蠢', '我厌', '主角', '会厌', '震撼', '看过', '更厌']"
356,Sexuality,Courtship,295,356_妖怪_西安_陕西_向日葵,"['妖怪', '西安', '陕西', '向日葵', '古灵精怪', '兰州', '中餐', '分鲲', '臣臣', '国衰']"
357,Sexuality,Courtship,283,357_我勒个_我豆_银行卡_2r22,"['我勒个', '我豆', '银行卡', '2r22', '00', '余额', '02', '考验', '数字', '二进制']"
358,Identity,GenderIdentity,586,358_人妖_男人_下辈子_男娘,"['人妖', '男人', '下辈子', '男娘', '皇后', '变性人', '这辈子', '男娘害', '爷们', '唱片']"
359,Evaluation,RecommendationAlgorithms,282,359_一毛_交个_矫情_想刀,"['一毛', '交个', '矫情', '想刀', '大刀', '我刀', '击剑', '账号', '一刀', '女号']"
360,Sexuality,Courtship,286,360_江苏_苏州_无锡_徐州,"['江苏', '苏州', '无锡', '徐州', '宽肩', '常德', '昆山', '常州', '中华', '扬州']"
362,Sexuality,SexualBehaviors,307,362_生理_子期_心理_性冲动,"['生理', '子期', '心理', '性冲动', '冲动', '爱恋', '上厌', '身体', '排斥', '精神']"
363,Evaluation,Approval,303,363_迷成_智障_迷死_乐死,"['迷成', '智障', '迷死', '乐死', '甜妹', '爆改', '气气', '迷得', '死死的', '沦陷']"
364,Sexuality,PhysicalApperances,254,364_手指_老实_我手_好长,"['手指', '老实', '我手', '好长', '手好', '看手', '这手', '手指头', '手好长', '手大']"
366,Sexuality,PhysicalApperances,332,366_喉结_眼熟_可悲_胳肢窝,"['喉结', '眼熟', '可悲', '胳肢窝', '母校', '明显', '喉咙', '味儿', '味道', '异味']"
367,Subculture,Culture,258,367_他俩_这俩_她俩_两人,"['他俩', '这俩', '她俩', '两人', '团结', '有事', '力量', '两个', 'good', '事儿']"
369,Subculture,Culture,253,369_超模_模特_汪欣蕾_好惨,"['超模', '模特', '汪欣蕾', '好惨', '参加', '新蕾', '过爱上', '节目', '欣蕾', '比赛']"
370,Evaluation,RecommendationAlgorithms,332,370_两禽_母母_公公_相悦,"['两禽', '母母', '公公', '相悦', '养成', '练成', '长久', '两情', '看吧', '账号']"
371,Evaluation,Othersjudgments,278,371_变态_支持_xiansheng_算人,"['变态', '支持', 'xiansheng', '算人', '生成器', '行径', '总体', '必出', '同劳', 'lt']"
372,Evaluation,Othersjudgments,254,372_反胃_吐出来_隔夜饭_晚饭,"['反胃', '吐出来', '隔夜饭', '晚饭', '喷出来', '早饭', '全吐', '整吐', '差点', '吃饭']"
373,Division,ParentApproval,272,373_爸爸_沙发_我爸_我服,"['爸爸', '沙发', '我爸', '我服', '老爸', '他爸', '父亲', '老爹', '钱德勒', '酒店']"
375,Evaluation,Othersjudgments,297,375_证据_口说无凭_证明_拿出,"['证据', '口说无凭', '证明', '拿出', '草履虫', '绞杀', '叫醒', '为证', '打游戏', '无凭无据']"
376,Sexuality,SexualBehaviors,272,376_钙片_金牛_宇哥_想象力,"['钙片', '金牛', '宇哥', '想象力', '中指', '幻术', '锯齿', '呜呜', '想法', '想象']"
377,Sexuality,Courtship,246,377_安徽_合肥_阜阳_淮安,"['安徽', '合肥', '阜阳', '淮安', '蚌埠', '镇江', 'ppl', '江苏', '泗洪', '宿州']"
378,Division,CarryonthefamilyLineage,291,378_子宫_卵巢_开玩笑_21,"['子宫', '卵巢', '开玩笑', '21', '摘除', '没长', '移植', '切除', '19', '20']"
379,Identity,Selfassessment,264,379_后来_当时_初中_接触,"['后来', '当时', '初中', '接触', '高中', '同学', '相处', '排斥', '性格', '男性']"
380,Identity,Boundaries,411,380_冰岛_刺激_法外_男人,"['冰岛', '刺激', '法外', '男人', '冰岛人', '伊藤诚', '人口', '发言', '破产', '女人']"
381,Evaluation,Approval,292,381_漂亮_北京_北体_东门,"['漂亮', '北京', '北体', '东门', '来北体', '京津冀', '北方', '京华', '紫禁城', '张北']"
382,Identity,Freedom,522,382_无奇不有_之大_世界_大千世界,"['无奇不有', '之大', '世界', '大千世界', '新世界', '啊啊啊', '人类', '外星人', '全世界', '大门']"
383,Sexuality,Courtship,253,383_类型_这种_贺嘉仪_张海娟,"['类型', '这种', '贺嘉仪', '张海娟', '书涵', '诗意', '张厚丽', '薛琪', '魔性', '喜欢']"
384,Identity,LoveDefinition,403,384_老铁_统治_接受_老铁们,"['老铁', '统治', '接受', '老铁们', '上瘾', '生理', '不了', '惊呆', '铁子', '世界']"
385,Identity,Boundaries,251,385_大爷_阿姨_老头_老太太,"['大爷', '阿姨', '老头', '老太太', '年老', '老人', '退休', '老爷', '梦特娇', '90']"
386,Identity,LoveDefinition,246,386_颜性_我颜性_颜门_染色体,"['颜性', '我颜性', '颜门', '染色体', '颜控', '恋颜狗', '菜狗', '颜狗', '确诊', '恋泛']"
387,Evaluation,Approval,262,387_万人_拿下_一张_照片,"['万人', '拿下', '一张', '照片', '学霸', '同胞', '征服', '看题', '607', '615']"
388,Identity,LoveDefinition,274,388_同性恋_爱心_小鸡_女同性恋,"['同性恋', '爱心', '小鸡', '女同性恋', '卧龙', '同性', '凤雏', '打脸', '鸭子', '土鸡']"
391,Identity,GenderIdentity,289,391_马来西亚_色鬼_人不人_邪术,"['马来西亚', '色鬼', '人不人', '邪术', '阴险', '见鬼', '法律', '三魂七魄', '鬼片', '三魂']"
392,Identity,LoveDefinition,267,392_翻译_钱性_性恋_拜金,"['翻译', '钱性', '性恋', '拜金', '凯文', '复杂', '有钱', '不瞒', '震惊', '听不懂']"
393,Health,AIDS,299,393_原版_脏东西_疯狂_完整版,"['原版', '脏东西', '疯狂', '完整版', '他用', '非礼', '好脏', '滑走', '霸凌者', '考必']"
394,Identity,LoveDefinition,451,394_男童_女童_东西_具体位置,"['男童', '女童', '东西', '具体位置', '三次', '男孩', '实物', '上次', '凝聚态', '窝次']"
395,Health,AIDS,276,395_送心_人渣_男渣_河里,"['送心', '人渣', '男渣', '河里', '暧昧', '目的性', '13p', '时嘴', '吸渣', '女渣']"
398,Division,Insider,262,398_听不懂_听懂_销冠_黑人,"['听不懂', '听懂', '销冠', '黑人', '完全', '加拿大人', '鲁滨逊', '高级', '星期五', '同人图']"
400,Identity,Freedom,262,400_自由_身份证_国度_过度,"['自由', '身份证', '国度', '过度', '气息', '自由主义', '约束', '财富', '自由女神', '过头']"
401,Evaluation,Approval,346,401_二毛_李二毛_三毛_下辈子,"['二毛', '李二毛', '三毛', '下辈子', '大毛', '李大毛', '恶心', '农村', '二毛好', '一生']"
402,Health,AIDS,318,402_检查一下_检查_体检_查查,"['检查一下', '检查', '体检', '查查', '早日康复', 'me', 'xsh', 'tct', '我查', '婚检']"
403,Sexuality,Courtship,338,403_江西_南昌_赣州_江苏,"['江西', '南昌', '赣州', '江苏', '上饶', '六六六', '南京', '老规矩', '吉安', '老表']"
404,Sexuality,PhysicalApperances,384,404_漂亮_擒拿_很漂亮_拿捏,"['漂亮', '擒拿', '很漂亮', '拿捏', '夺少', '捡起来', '褶子', '你好', '太漂亮', '天生丽质']"
405,Identity,Boundaries,267,405_澡堂_洗澡_澡堂子_浴池,"['澡堂', '洗澡', '澡堂子', '浴池', '女浴室', '浴室', '搓澡', '进女', '洗浴', '故事']"
408,Division,Society,290,408_聊天_姐姐_久伴_话不投机,"['聊天', '姐姐', '久伴', '话不投机', '无话不说', '家事', '无话不谈', '不腻', '同道中人', '互相理解']"
409,Identity,Boundaries,340,409_支持_肤色_皮肤_受罪,"['支持', '肤色', '皮肤', '受罪', '这罪', '黑丝', '至死', '遭罪', '那罪', '我罪']"
410,Evaluation,Approval,303,410_天堂_好痛_疼不疼_很痛,"['天堂', '好痛', '疼不疼', '很痛', '痛不痛', '太痛', '外敷', '天菜', '疼死', '大蒜']"
411,Sexuality,SexualBehaviors,331,411_der_鞋子_男人_不行,"['der', '鞋子', '男人', '不行', '英雄主义', 'lalaland', '不算', '白天', '可女', '看不完']"
412,Evaluation,Othersjudgments,311,412_发怒_儿子_无话可说_能用,"['发怒', '儿子', '无话可说', '能用', '一怒之下', '木鱼', '没用', '单挑', '儿活', '儿女']"
413,Division,ParentApproval,295,413_缺爱_文案_太缺_童年,"['缺爱', '文案', '太缺', '童年', '从小', '家庭', '原生', '悲剧', '不幸', '孤独']"
415,Evaluation,Othersjudgments,252,415_反对_赞同_同意_观点,"['反对', '赞同', '同意', '观点', '毁灭', '支持', '提倡', '宇宙', '不敢苟同', '跟风']"
418,Identity,GenderIdentity,376,418_双性人_哈哈哈哈_畸形_两性,"['双性人', '哈哈哈哈', '畸形', '两性', '双性', '进化', '双胞胎', '生子', '重男轻女', '单体']"
425,Division,Society,242,425_发给_发了_给我发_不发,"['发给', '发了', '给我发', '不发', '我发', '发出', '发错', '多发', '不干', '发胜']"
430,Identity,LoveDefinition,303,430_女铜_公开_男铜_合金,"['女铜', '公开', '男铜', '合金', '承认', '素女', '素铝', '纯铜', '炼铜', '宣传']"
431,Identity,Legal,324,431_同妻_同夫_恐同_当同妻,"['同妻', '同夫', '恐同', '当同妻', '同居', '万幸', '三门峡', 'ice', '双休', '妻子']"
432,Evaluation,Approval,271,432_评论_鹅鹅鹅_贝塔_伽玛,"['评论', '鹅鹅鹅', '贝塔', '伽玛', '德尔塔', '沙雕', '阿尔法', '野兽派', '鹅鹅鹅鹅鹅鹅鹅鹅鹅', '马户']"
433,Sexuality,Courtship,268,433_martin_排排坐_上钩_小朱,"['martin', '排排坐', '上钩', '小朱', '朱哥', '排排', 'ppl', '吸溜', '三原色', '贾玲瑞']"
434,Sexuality,PhysicalApperances,246,434_讨厌_腋下_胸口_打码,"['讨厌', '腋下', '胸口', '打码', '管理', 'tph', '厌恶', '厌烦', '气不过', '厌人']"
435,Evaluation,PublicMorality,305,435_赌博_黄赌毒_帅死_毒品,"['赌博', '黄赌毒', '帅死', '毒品', '染上', '堕落', '赌毒', '同情', '帅到', '沾染']"
438,Sexuality,Courtship,395,438_正确_姐姐_生错_关键,"['正确', '姐姐', '生错', '关键', '误会', '错误', 'ip', '幸存者', '对错', '偏差']"
439,Sexuality,IntimateDivisionship,223,439_男朋友_男友_炸死_男盆友,"['男朋友', '男友', '炸死', '男盆友', '猫猫', '女朋友', '心想', '五千块', '往边', '我泪点']"
441,Division,Insider,243,441_看过_派对_看得_飞哥,"['看过', '派对', '看得', '飞哥', '看吧', '最后', '来看', '蛋仔', '看到', '有幸']"
443,Sexuality,PhysicalApperances,222,443_这腰_腰子_没腰_腰细,"['这腰', '腰子', '没腰', '腰细', '细腰', '腰好', '细腿', '屁股', '突出', '腰有']"
444,Identity,Boundaries,232,444_反同_二四六_一三五_周日,"['反同', '二四六', '一三五', '周日', '参加', '活动', '恐同', '调理', '同会', '中药']"
445,Sexuality,PhysicalApperances,249,445_腿毛_胸毛_拔毛_脱毛,"['腿毛', '胸毛', '拔毛', '脱毛', '好家伙', '腋毛', '卷毛', '汗毛', '注射', '米诺']"
446,Identity,GenderIdentity,368,446_路线_颜值_拦住_走颜值,"['路线', '颜值', '拦住', '走颜值', '铁汉', '柔情', '眼见为实', '男桐', '兴奋', '女桐']"
447,Sexuality,Courtship,221,447_甜妹_主演_蛙声_蚯蚓,"['甜妹', '主演', '蛙声', '蚯蚓', '听取', '勇敢', '一片', '市场', '统治', '休闲']"
450,Health,Therapy,264,450_吓人_四射_基情_方式,"['吓人', '四射', '基情', '方式', '太美', '中药', '100', '调理', '成直', '变直']"
451,Evaluation,Othersjudgments,336,451_照镜子_自作孽_自作自受_不可,"['照镜子', '自作孽', '自作自受', '不可', '镜子', '老婆', '乐子', '老公', '乐山', '家妻']"
453,Division,Society,351,453_付出_姐姐_回报_我妹,"['付出', '姐姐', '回报', '我妹', '物质', '大方', '花钱', '金钱', '发红包', '送礼物']"
454,Identity,Selfassessment,576,454_800_八百米_同性恋_四分,"['800', '八百米', '同性恋', '四分', '三分', '五分', '跳远', '分钟', '残疾人', '六分钟']"
456,Identity,Boundaries,324,456_白羊_团结_白羊座_玻璃,"['白羊', '团结', '白羊座', '玻璃', '考虑', '我草', '想法', '气质', '想不通', '点子']"
459,Sexuality,SexualBehaviors,285,459_酒店_花洒_喷头_水壶,"['酒店', '花洒', '喷头', '水壶', '用花', '淋浴', '洗澡', '过年', '漏水', '拆下来']"
462,Sexuality,IntimateDivisionship,226,462_网恋_干净_网络_钱花,"['网恋', '干净', '网络', '钱花', '电子', '恋人', '干干净净', '现实', '需谨慎', '奔现']"
463,Identity,LoveDefinition,305,463_双性恋_漂亮_惊艳_很漂亮,"['双性恋', '漂亮', '惊艳', '很漂亮', '精致', '双性', '偏女', '风景线', '偏同', '发现自己']"
464,Health,AIDS,236,464_牛牛_驱虎_prep_通杀,"['牛牛', '驱虎', 'prep', '通杀', '过牛', '代入', '通用', '狼吞', '通吃', '马甲']"
465,Identity,Boundaries,269,465_男人_了解_女人_二元,"['男人', '了解', '女人', '二元', '二意', '二异子', '二尾', '中性人', '解树', '八大处']"
466,Evaluation,Approval,225,466_ppl_尊重_理解_嫁人,"['ppl', '尊重', '理解', '嫁人', 'pp', '爱看', '故看', '研一', '滴滴', '多发']"
467,Sexuality,IntimateDivisionship,256,467_开玩笑_暧昧_玩笑_调情,"['开玩笑', '暧昧', '玩笑', '调情', '两百万', '初吻', '女初', '开大', '答应', '糊弄']"
468,Identity,Boundaries,257,468_羡慕_狮子座_双子座_双鱼座,"['羡慕', '狮子座', '双子座', '双鱼座', '八卦', '东东', '爆炸', '通病', '两字', '好羡慕']"
469,Division,ParentApproval,349,469_父亲_包容_包容性_选择,"['父亲', '包容', '包容性', '选择', '报应', '爸爸', '父爱', '权利', '尊重', '每个']"
470,Identity,Boundaries,344,470_北京_双倍_快乐_京爷,"['北京', '双倍', '快乐', '京爷', '套房', '喜不喜欢', '开心', '大喜', '欢喜', '二环']"
471,Identity,Freedom,438,471_世界_多样性_不大行_进化,"['世界', '多样性', '不大行', '进化', '人类', '不能', '在乎', '生物', '你行', 'xsh']"
472,Evaluation,Othersjudgments,209,472_生理_接受_心理_不了,"['生理', '接受', '心理', '不了', '精神', '身体', '男女', '男性', '女女', '上能']"
474,Health,Genetics,254,474_染色体_xy_xx_基因,"['染色体', 'xy', 'xx', '基因', 'xxy', '变异', '我算', '异常', 'xyy', '强奸']"
475,Identity,Boundaries,264,475_网红_别太_荒谬_大网,"['网红', '别太', '荒谬', '大网', '当网', '生错', '牛牛', '金牛', '成网', '年代']"
477,Division,Outsider,264,477_啥意思_意思_海棠_吉拉,"['啥意思', '意思', '海棠', '吉拉', '大海', '解释', '诚不欺', '好几遍', '解释一下', '海洋']"
478,Health,AIDS,248,478_妖怪_妖魔鬼怪_妖精_孙悟空,"['妖怪', '妖魔鬼怪', '妖精', '孙悟空', '悟空', '妖孽', '乱套', '群魔乱舞', '西游记', '横行']"
479,Identity,GenderIdentity,237,479_当女_不当_女人_不配,"['当女', '不当', '女人', '不配', '男人', '孤独', '想当', '下辈子', '梦想', '推倒']"
480,Division,Outsider,245,480_cpu_做到_怎么弄_喜之郎,"['cpu', '做到', '怎么弄', '喜之郎', '追星', '评价', '宇航员', '演员', '果冻', '笑场']"
481,Identity,Boundaries,269,481_版本_更新_鸡尖_鸡屁股,"['版本', '更新', '鸡尖', '鸡屁股', '一地', '国服', '鸡皮疙瘩', '鸡肚', '鸡腿', '小鸡']"
483,Evaluation,Othersjudgments,284,483_是不是_受够了_受不了_憋不住,"['是不是', '受够了', '受不了', '憋不住', '抵抗力', '忍住', '顶得住', '抓狂', '我忍', '受不鸟']"
484,Evaluation,Approval,292,484_复杂_可怜_难上加难_超爱,"['复杂', '可怜', '难上加难', '超爱', '人可真', '卧槽', '脑子', '人太', '真可怜', '浆糊']"
486,Evaluation,PublicMorality,264,486_全中_恶心_公共场合_公众,"['全中', '恶心', '公共场合', '公众', '大喊大叫', '恶毒', '全给', '闻到', '喧哗', '全面']"
487,Division,Outsider,218,487_淘宝_三次_玩意儿_神马,"['淘宝', '三次', '玩意儿', '神马', '玩意', '东西', '登船', '一次', '国外', '考场']"
488,Health,AIDS,211,488_人渣_男渣_不渣_不分,"['人渣', '男渣', '不渣', '不分', '过渣', '渣人', '呼市', '好渣', '遇到', '当渣']"
489,Evaluation,Othersjudgments,205,489_恐惧_惊恐_这番话_发凉,"['恐惧', '惊恐', '这番话', '发凉', '冷漠', 'lili', '阴险', '听歌', '后背', '惊吓']"
490,Division,Insider,196,490_分享_自娱自乐_字幕_进来,"['分享', '自娱自乐', '字幕', '进来', '链接', '啊啊啊', '好想哭', '连接', '学习', '自觉']"
491,Identity,Legal,286,491_气质_拿捏_禁得_杏仁,"['气质', '拿捏', '禁得', '杏仁', '死死的', '参赛', '变美', '禁止', '严查', '严厉打击']"
492,Division,Insider,378,492_科普_科学_调皮_科普知识,"['科普', '科学', '调皮', '科普知识', '一斤', '整活', '大吃', '一下', '普及', '快给我']"
493,Division,Insider,272,493_来学_密码_哇塞_流量,"['来学', '密码', '哇塞', '流量', '摸摸', '258', '我发', '掌握', '来学来学', '流弊']"
494,Identity,Boundaries,234,494_黑人_官宣照_广西_宣照,"['黑人', '官宣照', '广西', '宣照', '白人', '外国人', '非洲', '嫂子', '官宣', '发官']"
495,Sexuality,IntimateDivisionship,260,495_豆包_相爱_恶心_爱情,"['豆包', '相爱', '恶心', '爱情', '感情', '显眼', '真爱', '包子', '乱搞', '真心']"
496,Health,Therapy,222,496_检查_兰花指_确诊_体检,"['检查', '兰花指', '确诊', '体检', '检查一下', '带你去', '定期检查', '没翘', '报告', '活检']"
497,Identity,Legal,213,497_身份证_快来学_户口本_能改,"['身份证', '快来学', '户口本', '能改', '性别', '户口', '一栏', '神经', '神经病', '津津有味']"
498,Identity,LoveDefinition,276,498_四爱_ttl_无爱者_第四,"['四爱', 'ttl', '无爱者', '第四', '来看', '五爱', '速来', '过来', 'ttt', 'tttttt']"
501,Identity,LoveDefinition,240,501_评论_区有_顺直_区好,"['评论', '区有', '顺直', '区好', '土豆', '豆腐', '彩虹', '手贱', '食物', '破防']"
502,Sexuality,PhysicalApperances,218,502_脖子_二刺_拿捏_颈椎,"['脖子', '二刺', '拿捏', '颈椎', '听课', '抓走', '抓得', '逮住', '听讲', '一抓']"
503,Evaluation,Approval,275,503_可爱_欧米茄_玩偶_相柳,"['可爱', '欧米茄', '玩偶', '相柳', '小可爱', '佛门', '心在', '鹅心', '布偶', '矮矮的']"
504,Division,ParentApproval,543,504_湖南_父母_身体发肤_爸妈,"['湖南', '父母', '身体发肤', '爸妈', '家人', '同意', '开明', '衡阳', '我妈', '孝顺']"
505,Evaluation,Othersjudgments,233,505_离谱_离大谱_离离_原上,"['离谱', '离大谱', '离离', '原上', '天意', '水月', 'hills', '洞天', '天太美', '通天']"
506,Sexuality,IntimateDivisionship,227,506_聊天_搭子_聊聊天_聊着,"['聊天', '搭子', '聊聊天', '聊着', '找我聊', '游戏', '同一个', '话题', '第四个', '聊个']"
507,Identity,GenderIdentity,231,507_这女_猪油_油腻_天生,"['这女', '猪油', '油腻', '天生', '女孩', '生意', '油头', '胚子', '小女生', '罗姐']"
508,Sexuality,PhysicalApperances,292,508_林子_声音_奶茶_咖啡师,"['林子', '声音', '奶茶', '咖啡师', '斯哈', '变声', '咖啡', '声线', '送心', 'tea']"
509,Sexuality,IntimateDivisionship,453,509_拖鞋_没谈过_太潮_谈过,"['拖鞋', '没谈过', '太潮', '谈过', '情侣', '小银酱', '女孩子', '想谈', '谈恋爱', '变太']"
511,Sexuality,Courtship,241,511_破防_攻守_可攻可守_兼备,"['破防', '攻守', '可攻可守', '兼备', 'manchi', '能攻能守', '进可攻', '退可守', '互攻', '可守']"
512,Identity,LoveDefinition,387,512_校服_别装_不装_长得,"['校服', '别装', '不装', '长得', '美女', '帅哥美女', '摊牌', '伪装', '漂亮', '好装']"
514,Division,ParentApproval,249,514_儿子_打死_哭死了_和解,"['儿子', '打死', '哭死了', '和解', '泪目', '兒子', '我儿', '接受', '不利于', '仍然']"
515,Identity,Boundaries,259,515_回族_适合_违和感_符合,"['回族', '适合', '违和感', '符合', '合适', '丹东', '毫无', '人能', '哈人', '好评']"
517,Subculture,Culture,285,517_来测_你测_创作_瓶颈,"['来测', '你测', '创作', '瓶颈', '市场', '流泪', '没有', '徐梦轩', '连立', 'h03']"
518,Health,Therapy,281,518_双性人_草履虫_做手术_怀孕,"['双性人', '草履虫', '做手术', '怀孕', '完美', '手术', '生育', '双性', '发育', '器官']"
520,Division,Outsider,223,520_思考_区分_发言权_分不清,"['思考', '区分', '发言权', '分不清', '不分', '能分', '思维', '沉思', '寻思', '玩意儿']"
521,Identity,GenderIdentity,231,521_二次元_购物袋_沃尔玛_三次,"['二次元', '购物袋', '沃尔玛', '三次', '次元', '日本', '死宅', '日漫', '次元壁', '钱包']"
524,Identity,LoveDefinition,344,524_1m_0s_男孩子_1s,"['1m', '0s', '男孩子', '1s', '男孩', '0m', '柯基', '保护', 'boy', '数码宝贝']"
525,Identity,GenderIdentity,256,525_紫薇_雌雄同体_雌雄_安能,"['紫薇', '雌雄同体', '雌雄', '安能', '同体', '男酮', '展示', '扮演', '繁衍', '紫薇星']"
526,Sexuality,Courtship,220,526_福建_评论_握草_来看,"['福建', '评论', '握草', '来看', '静静', '首评', '木鱼', '高手', '不予', '投降']"
527,Identity,Boundaries,221,527_羽毛球_排球_足球_网球,"['羽毛球', '排球', '足球', '网球', '篮球', 'kpop', '打乒乓球', '重灾区', '韩语', 'gay']"
529,Sexuality,Courtship,328,529_高中_初中_想起_想到,"['高中', '初中', '想起', '想到', '高考', '国防生', '小学', '一看', 'ykq', '初中生']"
530,Sexuality,SexualBehaviors,250,530_体育_爆改_干得_体育课,"['体育', '爆改', '干得', '体育课', '能干', '校区', '两节', '不干', '体院', '爱干']"
531,Health,AIDS,223,531_猴痘_传播_痘病毒_传染,"['猴痘', '传播', '痘病毒', '传染', '打假', '小心', '猴豆', '警告', '专家', '会得']"
533,Sexuality,PhysicalApperances,256,533_屁股_屁眼_闪光_期待,"['屁股', '屁眼', '闪光', '期待', '屁股痛', '希望', '翘起来', '发光', '快撤', '一瞥']"
535,Subculture,Culture,184,535_我天_黑崎一护_天呀_简直,"['我天', '黑崎一护', '天呀', '简直', '可爱', '崎一护', '人工', '人物', '真牛', '死神']"
536,Identity,Legal,230,536_同妻_同夫_当同妻_脚趾头,"['同妻', '同夫', '当同妻', '脚趾头', '分床', '万同妻', '同妻泪', '那同夫', '好命', '闲着']"
540,Evaluation,Approval,333,540_爱看_看不出来_好看_花絮,"['爱看', '看不出来', '好看', '花絮', '好好看', '特征', '一看', '看着', '看过', '影子']"
543,Sexuality,IntimateDivisionship,291,543_猜猜_对象_猜猜看_全剧,"['猜猜', '对象', '猜猜看', '全剧', '竞猜', '无奖', '不笑', '盲猜', '更烦', '柿子']"
544,Identity,Selfassessment,191,544_错误_弯路_步步_这条,"['错误', '弯路', '步步', '这条', '河边', '选择', '认错', '寻常路', '那套', '套装']"
545,Sexuality,PhysicalApperances,208,545_学习_可帅_被帅_帅度,"['学习', '可帅', '被帅', '帅度', '明星脸', '帅铃', '补习', '读书', '提前', '练习']"
548,Sexuality,PhysicalApperances,240,548_好美_玛雅_优雅_健身,"['好美', '玛雅', '优雅', '健身', '精致', '兰花指', '汉为', '美好', '悦己者', '女为']"
550,Division,Society,220,550_油炸_老婆婆_小叔子_姑姐,"['油炸', '老婆婆', '小叔子', '姑姐', '我弟', '真实', '丈母娘', '炸裂', '风风', '冰子']"
551,Sexuality,IntimateDivisionship,274,551_选择_来选_少儿不宜_are,"['选择', '来选', '少儿不宜', 'are', '薛之谦', '薛之谦版', '尴尬', '伤不起', '纠结', '一席话']"
553,Sexuality,SexualBehaviors,222,553_鸡蛋_蛋姐_实蛋_蛋蛋,"['鸡蛋', '蛋姐', '实蛋', '蛋蛋', '卤蛋', '鲍哥', '批发', '巨蛋', '蛋仔', '茶叶蛋']"
554,Sexuality,SexualBehaviors,197,554_肛肠科_武魂_双生_沙肝,"['肛肠科', '武魂', '双生', '沙肝', '双好', '艾伦', '肚子', '灵根', '双剑华', '双无']"
556,Sexuality,PhysicalApperances,288,556_猛男_好壮_诱惑_难过,"['猛男', '好壮', '诱惑', '难过', '诱人', '强壮', '大壮', '娇羞', '难受', 'dx']"
557,Evaluation,Othersjudgments,391,557_反同_活动_参加_抽出,"['反同', '活动', '参加', '抽出', '小时', '每周', '表白', '暗恋', '25', '每天']"
558,Sexuality,SexualBehaviors,187,558_大哥_后面_前面_哥们,"['大哥', '后面', '前面', '哥们', '云南', '眼神', '无可', '一脸', '后边', '旁边']"
559,Identity,Boundaries,184,559_好奇_好奇心_害死_竹竿,"['好奇', '好奇心', '害死', '竹竿', '一件', '之心', '十一大', '治得', '京瓜', '奇强']"
563,Evaluation,Othersjudgments,206,563_中肯_一针见血_终于_变美,"['中肯', '一针见血', '终于', '变美', '通讯录', '送心', '没错', '正确', '圆润', '大直']"
565,Sexuality,IntimateDivisionship,194,565_老公_发怒_态度_一种,"['老公', '发怒', '态度', '一种', '神仙', 'kisskiss', '素未谋面', '女神', '该是', '丈夫']"
566,Identity,Boundaries,174,566_天蝎_天蝎座_品桃_吕品,"['天蝎', '天蝎座', '品桃', '吕品', '桃子', '品子', '任桃', '有范', '口桃', '吕元英']"
567,Sexuality,IntimateDivisionship,192,567_礼物_花钱_忍不住_付出,"['礼物', '花钱', '忍不住', '付出', '节日', '东西', '尴尬', '送给', '抠门', '回报']"
568,Identity,LoveDefinition,232,568_同性恋_古代_龙阳_朱一龙,"['同性恋', '古代', '龙阳', '朱一龙', '龙龙', '暴龙', '正派', '同性恋者', '泡泡龙', '龙凤']"
569,Sexuality,Courtship,388,569_成都_四川_重庆_女人,"['成都', '四川', '重庆', '女人', 'gay', '泡妞', '女人味', '石女', '养鱼', '一户']"
570,Identity,LoveDefinition,227,570_心之所_不分性别_爱情_恶心,"['心之所', '不分性别', '爱情', '恶心', '相爱', '无关', '爱是', '性别', '人心', '乱搞']"
573,Identity,LoveDefinition,196,573_单性_牛皮_开豪车_千代,"['单性', '牛皮', '开豪车', '千代', '男男算', '别墅', '皮炎', '不算', 'pc', '男算']"
574,Identity,Boundaries,281,574_天秤_天秤座_腐女_处女,"['天秤', '天秤座', '腐女', '处女', '耽美', '星座', '单亲家庭', '小顾', '斑秃', '小说']"
575,Sexuality,SexualBehaviors,192,575_除夕_口味_放假_请假,"['除夕', '口味', '放假', '请假', '乌鲁木齐', '过年', '新年快乐', '调休', '加班', '快乐']"
576,Evaluation,Approval,196,576_塞班_好好看_96_有瓜,"['塞班', '好好看', '96', '有瓜', '群招', '私聊', '03', '进群', '赛班', '母语']"
580,Sexuality,PhysicalApperances,200,580_真的_特征_阿迪_下面,"['真的', '特征', '阿迪', '下面', '上面', '身体', '迷宮', '女魂', '半人', '只缠']"
581,Sexuality,Courtship,259,581_分配_成分_分人_过分,"['分配', '成分', '分人', '过分', '1m', '分析', '泪奔', '按劳分配', '计件', '太过分']"
582,Identity,LoveDefinition,251,582_拉拉_姐姐_拉子_恋姐,"['拉拉', '姐姐', '拉子', '恋姐', '勿扰', '结芬', '以下', '悠闲', '小姐姐', '不凶']"
583,Identity,LoveDefinition,274,583_通吃_男女_个事_零钱,"['通吃', '男女', '个事', '零钱', '管好', '我管', '男女老少', '操心', '处理', '整顿']"
584,Sexuality,IntimateDivisionship,210,584_暧昧_莫名其妙_复杂_成分,"['暧昧', '莫名其妙', '复杂', '成分', '拉扯', '来个', '确定', '野王', '爱妹', '上头']"
585,Identity,GenderIdentity,174,585_二元_大象_竹节虫_想处,"['二元', '大象', '竹节虫', '想处', '妖人', '单走', '鲸鱼', '不男不女', '是非', '性别']"
586,Evaluation,Approval,292,586_很漂亮_复杂_拐卖人口_枪毙,"['很漂亮', '复杂', '拐卖人口', '枪毙', '犯罪', '漂亮', '罪名', '遭罪', '大冤种', '死刑']"
587,Evaluation,Othersjudgments,282,587_爱看_眼睛_荒谬_太辣,"['爱看', '眼睛', '荒谬', '太辣', '麻辣', '真辣', '辣条', '辣眼', '天后', '麻辣火锅']"
588,Identity,Boundaries,254,588_星座_陈乐_笑不笑_真有,"['星座', '陈乐', '笑不笑', '真有', 'mbti', 'infp', '十二', 'infj', '关系', '无奇不有']"
589,Division,ParentApproval,182,589_父亲_老父亲_这位_心痛,"['父亲', '老父亲', '这位', '心痛', '长沙', '父子', '公社', '爸爸', '感受', '自责']"
590,Sexuality,SexualBehaviors,208,590_出家人_无欲_不行_ab,"['出家人', '无欲', '不行', 'ab', '壮壮妈', '佛门', '心在', '仙品', 'abcd', 'll']"
593,Sexuality,Courtship,193,593_姐姐_想要_恋姐_谈恋爱,"['姐姐', '想要', '恋姐', '谈恋爱', '姐妹', '谈个姐', '静静', '收藏', '子孙', '细品']"
597,Evaluation,Othersjudgments,166,597_可惜_阴影_我草_面积,"['可惜', '阴影', '我草', '面积', '妈帅', '太远', '不远', '心里', '草太美', '离远点']"
601,Division,Society,182,601_孤独_终老_人过_寂寞,"['孤独', '终老', '人过', '寂寞', '孤单', '注定', '过日子', '孤立', '孤寡', '自由自在']"
602,Health,AIDS,191,602_好乱_乱七八糟_混乱_太乱,"['好乱', '乱七八糟', '混乱', '太乱', '怎么回事', '真乱', '不乱', '指手画脚', '很乱', '枪击案']"
606,Division,Insider,168,606_评论_区好_智性_杠精,"['评论', '区好', '智性', '杠精', '高血压', '腰疼', '偷笑', '留个', '大皮', '太涩']"
607,Identity,Boundaries,158,607_学历_睾酮_高学历_专科,"['学历', '睾酮', '高学历', '专科', '大专', '二本', '越高', '相关性', '211', '拉圈']"
608,Identity,Freedom,486,608_可怜_原来_还好_时代,"['可怜', '原来', '还好', '时代', '年代', '情况', '太监', '现在', '普遍', '历史']"
610,Identity,Freedom,265,610_中考_阅读_中考题_新疆,"['中考', '阅读', '中考题', '新疆', '说够', '语文', '文笔', '文章', '考题', '考卷']"
611,Sexuality,Courtship,179,611_内蒙_内蒙古_40_通辽,"['内蒙', '内蒙古', '40', '通辽', '34', '乌兰察布', '勇闯', 'le', '有进', '贷款']"
612,Identity,Freedom,324,612_可怕_吓人_恐怖_平等,"['可怕', '吓人', '恐怖', '平等', '吓死', '工会', '中国', '薪资', '男女比例', '女人']"
613,Evaluation,Othersjudgments,225,613_脑萎缩_萎缩_转过_小脑,"['脑萎缩', '萎缩', '转过', '小脑', '那一刻', '相信', '听晕', '他头', '转头', '不信']"
614,Division,Outsider,229,614_快快_到底_疑问_好奇,"['快快', '到底', '疑问', '好奇', '人问', '请问', '问题', '搞懂', '他性', 'kb']"
615,Identity,Legal,224,615_封杀_平台_好禁_不伦不类,"['封杀', '平台', '好禁', '不伦不类', '禁止', '扯蛋', '屁话', '废话', '封禁', '封号']"
616,Identity,GenderIdentity,206,616_认知障碍_啊啊啊_老侧_靠着,"['认知障碍', '啊啊啊', '老侧', '靠着', '脸是', '学医', '大小', '认知', '性别', '自我']"
618,Evaluation,PublicMorality,181,618_流量_省流_意见_限流,"['流量', '省流', '意见', '限流', '赚钱', '赚取', '下限', '鞍山', '宽带', '博取']"
620,Sexuality,Courtship,184,620_广西_桂林_南宁_器官,"['广西', '桂林', '南宁', '器官', '柳州', '肉体', '广西南宁', '部位', '有没有', '畸形']"
622,Identity,LoveDefinition,215,622_浪漫_无性_倾向_最早,"['浪漫', '无性', '倾向', '最早', '男同事', '女同事', '发明', '人想', '男生', '性行为']"
623,Health,MentalIssues,195,623_神经病_精神病_精神病院_精神,"['神经病', '精神病', '精神病院', '精神', '周周', '精神病人', '多高', '周深', '神经兮兮', '神经']"
625,Sexuality,Courtship,168,625_勾引_性感_吸引_纪录片,"['勾引', '性感', '吸引', '纪录片', '诱攻', '撩妹', '导演', '记录', '小把戏', '诱惑']"
626,Sexuality,Courtship,272,626_背影_变态_苏丹_亲亲,"['背影', '变态', '苏丹', '亲亲', '绝绝子', '好绝', '哈哈哈', '反差', '真绝', '激动']"
627,Identity,Boundaries,305,627_离谱_学会_女孩子_女生,"['离谱', '学会', '女孩子', '女生', '女孩', '温柔', '懂得', '索取', '伤害', '最最']"
629,Division,ParentApproval,208,629_父母_家人_钓个_爸妈,"['父母', '家人', '钓个', '爸妈', '伤心', '摸鱼', '接受', '支持', '鲤鱼', '爹妈']"
630,Division,ParentApproval,358,630_听课_我家_家人_双双把,"['听课', '我家', '家人', '双双把', '亲戚', '家务', '家里人', '你家', '家具', '两口子']"
631,Evaluation,Othersjudgments,231,631_配音_丑丑_我哩个_丑人,"['配音', '丑丑', '我哩个', '丑人', '作怪', '公开', '看好', '不靠', '我咧个', '答非所问']"
632,Evaluation,Othersjudgments,229,632_不信_相信_一个_信不信,"['不信', '相信', '一个', '信不信', '信任', '怀疑', '我信', '清眼', '一戶', '卖饭']"
637,Sexuality,Courtship,161,637_上海_包容性_大都市_城市,"['上海', '包容性', '大都市', '城市', '大城市', '球鞋', '国际化', '04', '不愧', '包容']"
638,Sexuality,SexualBehaviors,161,638_肢体_接触_牵手_亲密,"['肢体', '接触', '牵手', '亲密', '排斥', '抗拒', '接吻', '浑身', '亲过', '擦擦']"
639,Evaluation,Approval,168,639_颜色_粉色_真心_色系,"['颜色', '粉色', '真心', '色系', '喜欢', '骚话', '第十四', '喜高壮', '显黑', '我佐少']"
640,Sexuality,Courtship,174,640_谈过_女孩子_想谈_谈个,"['谈过', '女孩子', '想谈', '谈个', '细腻', '没女', '能来', '尝试', '不清不楚', '女生']"
641,Evaluation,Approval,189,641_好配_不配_般配_跳舞,"['好配', '不配', '般配', '跳舞', '离场', '绝配', '华丽', '很配', '玉足', '冷笑']"
642,Division,Insider,176,642_看不懂_阳江_纤夫_说句话,"['看不懂', '阳江', '纤夫', '说句话', '稳定', 'sauce', '职业', '出名', '勿扰', '吉林']"
643,Identity,GenderIdentity,193,643_公母_变装前_公的母_公是,"['公母', '变装前', '公的母', '公是', '油物', '变装后', '便装', '看头', '改装', '女装']"
646,Identity,LoveDefinition,199,646_按摩_一摸_好看_摸摸,"['按摩', '一摸', '好看', '摸摸', '摸头', '长得', '漂亮', '男娘', '就行', '男女']"
647,Evaluation,Othersjudgments,221,647_南宁_品种_别致_这是,"['南宁', '品种', '别致', '这是', '这才', '太空', '玩意儿', '尼玛', '盆水', '这货有']"
649,Evaluation,PublicMorality,148,649_穿衣_自由_扰民_公共场合,"['穿衣', '自由', '扰民', '公共场合', '引导', '影响', '得体', '在家', '穿衣服', '各有']"
651,Identity,Boundaries,271,651_回族_看不得_王刚_印度,"['回族', '看不得', '王刚', '印度', '男同', '留下', '非洲', '民族', '华夏', '出去']"
654,Division,Outsider,177,654_分不清_分类_分不清楚_分清,"['分不清', '分类', '分不清楚', '分清', '区分', '种类', '傻傻', '豹哥', '金刚', '芭比']"
655,Evaluation,PublicMorality,159,655_互联网_网络_热度_在乎,"['互联网', '网络', '热度', '在乎', '网友', '上网', '网暴', '哗众取宠', '全网', '徐坤']"
656,Division,ParentApproval,208,656_头像_女儿_婚礼_儿子,"['头像', '女儿', '婚礼', '儿子', '生成', '父亲', '亿哥', '炸裂', '变性', '男孩']"
657,Evaluation,Approval,325,657_永远_男孩子_姐姐_男孩,"['永远', '男孩子', '姐姐', '男孩', '男孩儿', '这是', '睡个', '早餐', '喜欢', '老爷']"
658,Identity,LoveDefinition,183,658_性别_无关_不在乎_不分性别,"['性别', '无关', '不在乎', '不分性别', '不在意', '恰巧是', '芒果', 'ta', '钟意', '喜好']"
659,Evaluation,Approval,210,659_好看_爱爱爱_坏坏_挑一,"['好看', '爱爱爱', '坏坏', '挑一', '千篇一律', '万里', '爱不爱', '难看', '乌漆', '麻黑']"
660,Identity,GenderIdentity,212,660_购物袋_沃尔玛_节目_采访,"['购物袋', '沃尔玛', '节目', '采访', '综艺', '节目组', '媒体', '开播', '频道', '军事']"
662,Identity,Boundaries,193,662_抽象_河北_兔子_开封,"['抽象', '河北', '兔子', '开封', '甘肃', '吓死', '形象', '确实', '小红书', '河南']"
663,Evaluation,Approval,190,663_姐姐_荔枝_水果_葡萄,"['姐姐', '荔枝', '水果', '葡萄', '暖瓶', '好美', '橙子', '海边', '姐妹', '橘子']"
664,Sexuality,Courtship,159,664_福建_厦门_泉州_福州,"['福建', '厦门', '泉州', '福州', '福清', '推给', '下不来', '漳州', '晋江', '大盘']"
665,Identity,GenderIdentity,288,665_雌雄同体_毛病_雌雄同株_符号,"['雌雄同体', '毛病', '雌雄同株', '符号', '雌雄', '一体', '影响', '雌性', '没关系', '同体']"
666,Sexuality,Courtship,229,666_体育_校区_黑皮_无可,"['体育', '校区', '黑皮', '无可', '三岔', '余生', '成名', '体院', '学院', '寿命']"
667,Evaluation,Othersjudgments,187,667_潦草_帅死_原谅_女人,"['潦草', '帅死', '原谅', '女人', '惭愧', '活滴', '写法', '做滴', '霸服', '这人服']"
668,Sexuality,SexualBehaviors,162,668_口红_红色_牙刷_救命,"['口红', '红色', '牙刷', '救命', '色号', '牙膏', '问口', '求口', '咱走', '刷牙']"
669,Evaluation,Approval,145,669_期待_教训_一期_我超,"['期待', '教训', '一期', '我超', '出鲁迪', '成宇', '假季季', 'birdz', '新一期', '早不早']"
670,Evaluation,Othersjudgments,146,670_人才_摆锤_forgive_这嘛,"['人才', '摆锤', 'forgive', '这嘛', '买卖双方', '汾湖', '施瓦辛格', '收索', 'aaabd', '叫声']"
675,Evaluation,Othersjudgments,174,675_看不出来_看不出_看出_人才,"['看不出来', '看不出', '看出', '人才', '完全', '第一眼', '才子', '人才济济', '一眼', '看光']"
677,Sexuality,Courtship,182,677_长春_我长_我想长_第一种,"['长春', '我长', '我想长', '第一种', '就长', '能长', '想长', '这群长', '度大', '第二种']"
680,Sexuality,Courtship,529,680_谈个_汪汪_消化_内部,"['谈个', '汪汪', '消化', '内部', '我理', '哈哈哈', '难过', '嫉妒', '啊啊啊', '呜呜']"
682,Identity,LoveDefinition,211,682_指南_骚气_素颜_我素,"['指南', '骚气', '素颜', '我素', '起来', '骚话', '就素', '太骚', '骚帅', '真骚']"
684,Evaluation,PublicMorality,417,684_彩礼_表明态度_笑场_搞笑,"['彩礼', '表明态度', '笑场', '搞笑', '房车', '泪奔', '两女', '一方', '新闻', '闹翻']"
685,Evaluation,Othersjudgments,282,685_优雅_眼见为实_耳听为虚_过时,"['优雅', '眼见为实', '耳听为虚', '过时', '永不', '细糠', '走后门', '大张伟', '康康', '张飞']"
686,Evaluation,Othersjudgments,362,686_好棒_很棒_暗中_观察,"['好棒', '很棒', '暗中', '观察', '真棒', '太棒了', '太好了', '真不错', '说得好', '感动']"
688,Evaluation,PublicMorality,288,688_沧州_少妇_少女_进步,"['沧州', '少妇', '少女', '进步', '时代', 'robbers', '1975', '回答', 'the', '盗墓贼']"
690,Sexuality,IntimateDivisionship,224,690_暗恋_好感_娘们_女娇,"['暗恋', '好感', '娘们', '女娇', '回应', '我后', '老娘', '丫头', '我本', '进度条']"
691,Sexuality,Courtship,497,691_数据_对象_统计_哪来,"['数据', '对象', '统计', '哪来', '哪领', '嘎嘎', '推送', '沙拉', '搞对象', '相信']"
692,Sexuality,Courtship,259,692_女朋友_想要_晕倒_迷糊,"['女朋友', '想要', '晕倒', '迷糊', '男朋友', '两节', '不大行', '需要', '女友', '体育课']"
695,Sexuality,IntimateDivisionship,208,695_九敏_嫁给_凌妙妙_没买过,"['九敏', '嫁给', '凌妙妙', '没买过', '没买', '夫妇', '杨哥', '真九敏', '找错', '无穷']"
696,Sexuality,SexualBehaviors,174,696_号肠_六号_灌肠_绝配,"['号肠', '六号', '灌肠', '绝配', '朝阳', '淀粉', '鹌鹑蛋', '码头', '肠是', '肠配']"
698,Identity,Selfassessment,149,698_选项_选择_多选_选不,"['选项', '选择', '多选', '选不', '单选', '要选', '面试', '不准', '原理', '选出']"
699,Identity,GenderIdentity,352,699_双性人_双性_证明_真狠,"['双性人', '双性', '证明', '真狠', '很酷', '双子座', '狠人', '挺狠', '太猛', '太狠']"
700,Division,Insider,176,700_吃瓜_西瓜_瓜子_脑瓜子,"['吃瓜', '西瓜', '瓜子', '脑瓜子', '家门口', '番薯', '歪瓜裂', '无瓜', '瓜瓜', '黄瓜']"
703,Sexuality,IntimateDivisionship,206,703_长见识了_女朋友_女友_憨笑,"['长见识了', '女朋友', '女友', '憨笑', '刷新', '认知', '姿势', '颠覆', '武力', '关掉']"
705,Health,AIDS,144,705_观察_暗中_消毒_辣椒,"['观察', '暗中', '消毒', '辣椒', '阻断', '男人', '比女', '难酮', '发钱', '酒店宾馆']"
706,Health,Genetics,278,706_弟弟_基因_我弟_天生,"['弟弟', '基因', '我弟', '天生', '后天', '同性恋', '家庭', '哥俩', '先天', '改变']"
707,Sexuality,Courtship,200,707_云南_昆明_发现_云南昆明,"['云南', '昆明', '发现', '云南昆明', '喜凤', '很远', '丽江', '查到', '179', '做到']"
709,Identity,LoveDefinition,170,709_通讯录_男装_长发_直女,"['通讯录', '男装', '长发', '直女', '装直', '直男会装', '纯欲风', '号标', '姐风', '当闺蜜']"
711,Division,ParentApproval,203,711_理解_家庭_原生_孝顺,"['理解', '家庭', '原生', '孝顺', '亲情', '去害', '父母', '子女', '悲剧', '造成']"
712,Identity,LoveDefinition,185,712_划算_wflbb_女团_小双,"['划算', 'wflbb', '女团', '小双', '名声', '女籍', '一逼', '拯救', '双开门', 'yv']"
714,Sexuality,Courtship,149,714_男神_女神_湖南_九价,"['男神', '女神', '湖南', '九价', '打九价', '怀化', '检查', '家乡', '湖南人', '邵阳']"
715,Subculture,Culture,269,715_漫画_动漫_甜甜的_人物,"['漫画', '动漫', '甜甜的', '人物', '女孩子', '谈恋爱', '小说', '上官云', '国漫', '现实']"
716,Evaluation,Othersjudgments,188,716_尴尬_嘴唇_好尬_不由,"['尴尬', '嘴唇', '好尬', '不由', '心率', '万般', '半点', '介个', '我命', '行李箱']"
718,Identity,LoveDefinition,171,718_心之所_一种_飞吻_取向,"['心之所', '一种', '飞吻', '取向', '世上', '性取向', '便是', '叫心', '世界', '正确']"
719,Sexuality,Courtship,147,719_新疆_维吾尔族_为证_有图,"['新疆', '维吾尔族', '为证', '有图', '少数民族', '真相', '宁夏', '乌鲁木齐', '集合', '300']"
720,Subculture,Culture,206,720_耽美_喜熊_熊是_小说,"['耽美', '喜熊', '熊是', '小说', '漫画', '原耽', '百合', '现实', '言情', '看原']"
721,Division,Society,281,721_大叔_善良_好人_善待,"['大叔', '善良', '好人', '善待', '莫劝', '未经', '能量', '小叔子', '行善', '应得']"
722,Sexuality,IntimateDivisionship,189,722_单恋_翻译_大招_赢麻,"['单恋', '翻译', '大招', '赢麻', '公主', '晕眩', '倾国倾城', '星大', '局局', '东皇']"
723,Evaluation,Othersjudgments,223,723_意见_潮流_审美_艺术,"['意见', '潮流', '审美', '艺术', '时尚', '风格', '设计', '附议', '小众', '设计师']"
724,Evaluation,PublicMorality,156,724_做到_光腿_关羽_坐在,"['做到', '光腿', '关羽', '坐在', '手臂', '张飞', '小样', '男护士', '白袜', '迷不死']"
725,Evaluation,Othersjudgments,147,725_要素_天津_呕吐_无钙,"['要素', '天津', '呕吐', '无钙', '看吐', '呕吼', '令人作呕', '第三个', '作呕', '证儿']"
727,Evaluation,Othersjudgments,162,727_投胎_之人_可恨_投错,"['投胎', '之人', '可恨', '投错', '必有', '投个', '好人家', '下辈子', '好胎', '重新']"
728,Evaluation,Othersjudgments,186,728_枪毙_死刑_刑司_执行,"['枪毙', '死刑', '刑司', '执行', '酷刑', '尚书', '刑部', '判刑', '立即', '上刑']"
729,Sexuality,PhysicalApperances,189,729_下半身_特征_上半身_完美,"['下半身', '特征', '上半身', '完美', '老婆', '男女', '下身', '上身', '明显', '男女性']"
730,Evaluation,PublicMorality,213,730_玩意儿_多管闲事_管管_屁事,"['玩意儿', '多管闲事', '管管', '屁事', '玩意', '少管', '该管', '刁民', '管好', '说关']"
731,Identity,LoveDefinition,171,731_拉拉_直女_拉子_灵光,"['拉拉', '直女', '拉子', '灵光', '中拉子们', '肢体', '一闪', '拉手', '见个', '拉子们']"
733,Health,Therapy,176,733_复杂_确诊_自愧不如_后悔,"['复杂', '确诊', '自愧不如', '后悔', '何必当初', '遗憾', '很累', '后悔药', '要买车', '物欲横流']"
736,Subculture,Culture,187,736_ab_掌声_ba_abbily,"['ab', '掌声', 'ba', 'abbily', '听懂', '太中', '及岩', '白黑', '影日', 'abby']"
737,Sexuality,Courtship,150,737_长沙_太监_湖南_1000,"['长沙', '太监', '湖南', '1000', '这到', '三百', '01', 'dd', '一盆', '开玩笑']"
738,Evaluation,Othersjudgments,290,738_奇葩_好辣_眼睛_神奇,"['奇葩', '好辣', '眼睛', '神奇', '怪胎', '太辣', '怪事', '奇行', '辣眼', '辣到']"
739,Evaluation,Approval,177,739_收藏_收藏家_ppl_jio,"['收藏', '收藏家', 'ppl', 'jio', '呆呆', '资料', '甜炸', '三千多', '1491', '呆呆地']"
740,Subculture,Culture,194,740_假嘟_尊嘟_真嘟_周深,"['假嘟', '尊嘟', '真嘟', '周深', '唱歌', '原唱', '修炼', '素尊嘟', '正唱', '乐手']"
741,Identity,GenderIdentity,223,741_主任_妇女_哪种_喜死,"['主任', '妇女', '哪种', '喜死', '当上', '我要', '主印', '冲冲', '两种', '当当']"
742,Sexuality,SexualBehaviors,160,742_擦边_试穿_展示_妹子,"['擦边', '试穿', '展示', '妹子', '睡衣', '没边', '全是', '疑问', '挺不错', '封号']"
744,Identity,GenderIdentity,233,744_白袜_白袜子_穿白袜_袜子,"['白袜', '白袜子', '穿白袜', '袜子', '健身', '白色', 't恤', '正装', '本直', '不错']"
745,Evaluation,Othersjudgments,141,745_逆天_地址_太逆天_光宗耀祖,"['逆天', '地址', '太逆天', '光宗耀祖', '寡妇', '具体地址', '模拟器', '圣体', '一遇', '天国']"
746,Identity,LoveDefinition,149,746_大圈_一圈_叫大圈_顺直,"['大圈', '一圈', '叫大圈', '顺直', '多圈', '圈圈', '圈儿', '小圈', '顺姐', '退拉圈']"
747,Evaluation,Othersjudgments,165,747_高手_科技_技术_垃圾,"['高手', '科技', '技术', '垃圾', '狠活', '受不鸟', '高科技', '技术含量', '很会', '过招']"
748,Division,Insider,160,748_鱼钩_放个_没女_竟然,"['鱼钩', '放个', '没女', '竟然', '这码', '惭愧', '打了个', '不缺', '寂寞', '男明星']"
749,Subculture,Culture,256,749_看过_电影_官宣_sophia,"['看过', '电影', '官宣', 'sophia', 'princess', 'isabella', 'quen', '丹麦', '电视剧', '刚看']"
751,Identity,Legal,216,751_结婚_一对_女同_两对,"['结婚', '一对', '女同', '两对', '男同', '婚后', '各过', '各玩', '互相', '女同性恋']"
755,Identity,Freedom,162,755_家暴_女拳_资本主义_个性,"['家暴', '女拳', '资本主义', '个性', '来涨', '万恶', '知识', '来长', '互殴', '弱势群体']"
756,Division,Insider,137,756_看看_woc_快來_評論區,"['看看', 'woc', '快來', '評論區', '海棠', '爬行', '余生', '扭曲', '竟然', '通讯录']"
757,Identity,LoveDefinition,165,757_智性_颜性_颅内_高潮,"['智性', '颜性', '颅内', '高潮', '54', '58', '聪明', '纯种', '老公', '42']"
759,Sexuality,Courtship,142,759_没谈过_23_21_谈过,"['没谈过', '23', '21', '谈过', '恋爱', '24', '27', '出摊', '25', '20']"
762,Sexuality,Courtship,202,762_女朋友_男朋友_大哭_缺个,"['女朋友', '男朋友', '大哭', '缺个', '没有', '嗷嗷', '烦死', '好荒', '不咯', '無法']"
764,Sexuality,Courtship,180,764_害羞_勿扰_以下_微胖,"['害羞', '勿扰', '以下', '微胖', '悄悄地', '25', '拉子', '离谱', '属性', '憋住']"
766,Identity,Freedom,193,766_女权_平等_男女平等_版本,"['女权', '平等', '男女平等', '版本', '更新', '苏联', '北欧', '地位', '工资', '公司']"
767,Identity,GenderIdentity,159,767_认知障碍_障碍_性别_识别,"['认知障碍', '障碍', '性别', '识别', '认知', '易性', '患者', '认同', '心理疾病', '精神病']"
768,Evaluation,Othersjudgments,258,768_不信_疯狂_不敢相信_精彩,"['不信', '疯狂', '不敢相信', '精彩', '灭亡', '发疯', '勾拳', '必先', '疯子', '彻底']"
769,Evaluation,Othersjudgments,176,769_厕所_靠靠_浪漫派_卫生间,"['厕所', '靠靠', '浪漫派', '卫生间', '浪漫', '问上', '野兽派', '交换', '公寓', '投厕']"
771,Health,AIDS,279,771_扯淡_胡说八道_吹牛_胡扯,"['扯淡', '胡说八道', '吹牛', '胡扯', '恶心', '瞎扯', '瞎说', '太扯', '胡说', '教练']"
774,Sexuality,SexualBehaviors,136,774_器官_生殖器官_性器官_生殖,"['器官', '生殖器官', '性器官', '生殖', '两套', '双性人', '人妖', '完整', '两种', '伪娘']"
775,Division,Insider,145,775_静静_反串_日本_太吊,"['静静', '反串', '日本', '太吊', '嘎哈', '安静', '内涵', '沉默', '瞎子', 'ilovegay']"
776,Identity,GenderIdentity,163,776_购物袋_沃尔玛_太值_自恋,"['购物袋', '沃尔玛', '太值', '自恋', '离谱', '哈哈哈', '哈哈哈哈', '值得', '确诊', '性别']"
778,Identity,LoveDefinition,292,778_无性_倾向_浪漫_不当,"['无性', '倾向', '浪漫', '不当', '异性', '这女', '浪漫主义', '下去', '情节', '确诊']"
782,Identity,Selfassessment,168,782_会刷_女孩子_明白_女生,"['会刷', '女孩子', '明白', '女生', '想要', '咱当', '寒是', '装不懂省', '懂女', '逆性']"
786,Sexuality,Courtship,222,786_动物园_太丑_好丑_动物,"['动物园', '太丑', '好丑', '动物', '隔离', '很丑', '最丑', '野兽派', '养殖场', '物种']"
787,Division,ParentApproval,127,787_一家_一家人_家人_本家,"['一家', '一家人', '家人', '本家', '四口', '非常家庭', '婆家', '亲人', '富豪', '不进']"
788,Evaluation,PublicMorality,164,788_素质_评论_国民素质_尽显,"['素质', '评论', '国民素质', '尽显', '人口素质', '令人担忧', 'judge', '出千切', '人口基数', '提高']"
790,Identity,LoveDefinition,142,790_四射_基情_一实_尼基塔,"['四射', '基情', '一实', '尼基塔', '误入', '增基', '克斯', 'tooru', 'lsj', 'iceeeon']"
791,Evaluation,Approval,242,791_好酷_心痛_心疼_酷儿,"['好酷', '心痛', '心疼', '酷儿', '心碎', '酷酷', '痛心疾首', '很酷', '心酸', '太酷']"
792,Identity,Legal,145,792_监狱_看守所_关押_关进,"['监狱', '看守所', '关押', '关进', '狱卒', '洗礼', '视角', '美国', '同一个', '囚犯']"
793,Identity,Selfassessment,126,793_不信_相信_不敢相信_一语,"['不信', '相信', '不敢相信', '一语', '我信', '没人信', '自证', '信不信', '我勇神', '信个']"
794,Identity,Selfassessment,218,794_自信_思密达_心疼_自恋,"['自信', '思密达', '心疼', '自恋', '瓶颈', '自豪', '看不懂', '自给自足', '自愧不如', '自卑']"
799,Evaluation,Othersjudgments,221,799_妖魔鬼怪_靠靠_阴气_回去,"['妖魔鬼怪', '靠靠', '阴气', '回去', '回家', 'cpu', '故乡', '妹妹', '阴阳', '回老家']"
801,Identity,GenderIdentity,198,801_大佬_变装_女装_太对,"['大佬', '变装', '女装', '太对', '正确', '变装后', '没错', '肯定', '变装前', '百变']"
803,Evaluation,Othersjudgments,146,803_贱人_温柔_渣渣辉_纤绳,"['贱人', '温柔', '渣渣辉', '纤绳', '恩恩爱爱', '悠悠', '黑仔', '太渣', '渣辉', '烂货']"
804,Identity,Selfassessment,149,804_笑鼠_老鼠_鼠鼠_甜鼠,"['笑鼠', '老鼠', '鼠鼠', '甜鼠', '乖乖', '乖乖女', '仓鼠', '可爱', '痒痒', '太阳']"
805,Identity,GenderIdentity,153,805_街舞_跳舞_舞蹈_公开,"['街舞', '跳舞', '舞蹈', '公开', '白丝', '宣传', '南派', '天赋', '衣服', '白色']"
806,Evaluation,Othersjudgments,140,806_打脸_painter_各擦_大行其道,"['打脸', 'painter', '各擦', '大行其道', '别顶', '竣尼', '小萧', '打湿', '装腔作势', '牌子']"
808,Sexuality,SexualBehaviors,183,808_一摸_乱摸_摸摸_后背,"['一摸', '乱摸', '摸摸', '后背', '凉快', '凉凉', '凉飕飕', '不摸', '保暖', '零下']"
809,Evaluation,Othersjudgments,194,809_这是_玩意_拉黑_这货,"['这是', '玩意', '拉黑', '这货', '杰哥', '东西', '玩意儿', '生物', '地球', '取消']"
812,Sexuality,Courtship,150,812_别卡_卡太死_卡死_卡得,"['别卡', '卡太死', '卡死', '卡得', '别卡太死', '不卡', '太死', '性别', '美容师', '不用']"
816,Division,CarryonthefamilyLineage,142,816_男同_很帅_男同帅_生育能力,"['男同', '很帅', '男同帅', '生育能力', '帅哥', '不帅', '能生', '生小孩', '能怀', '男同长']"
817,Health,Therapy,440,817_表情_管理_大笑_这小,"['表情', '管理', '大笑', '这小', '零钱', '密码', '围裙', '大雨', '流量', '断子绝孙']"
818,Health,Therapy,235,818_金星_浪漫_双性_变形金刚,"['金星', '浪漫', '双性', '变形金刚', '确诊', '异性恋', '泰国', '双性恋', '回族', '手术']"
819,Health,Therapy,144,819_变性_儿子_父亲_快去,"['变性', '儿子', '父亲', '快去', '孩子', '养大', '接受', '父母', '沟通', '侄子']"
820,Health,Therapy,130,820_手术_做手术_鸡皮疙瘩_一身,"['手术', '做手术', '鸡皮疙瘩', '一身', '变成', '治疗', '生殖系统', '疤痕', '病痛', '假肢']"
821,Evaluation,Othersjudgments,200,821_道理_到底_分不清_太有,"['道理', '到底', '分不清', '太有', '讲道理', '没道理', '古代人', '不讲理', '辨认', '分辨']"
822,Division,Insider,144,822_采访_主持人_记者_采访者,"['采访', '主持人', '记者', '采访者', '水平', '主持', '勇闯', '低级', '正向', '购物']"
823,Sexuality,Courtship,179,823_山西_太原_lx_lj,"['山西', '太原', 'lx', 'lj', '爱养', 'lyh', 'ljx', 'wj', 'lyx', 'mlxg']"
824,Sexuality,Courtship,132,824_找个_不到_男人_哪里找,"['找个', '不到', '男人', '哪里找', '显微镜', '兽性大发', '赞搭子', '男银上', '男带', '个伴']"
825,Identity,Boundaries,151,825_永远_姐姐_城市_县城,"['永远', '姐姐', '城市', '县城', '二线', '地方', '一线', '抓狂', '三线', '恋姐']"
826,Evaluation,Approval,140,826_好看_贵物_实物_看不出来,"['好看', '贵物', '实物', '看不出来', '自然', '轮不到', '漂亮', '晃眼', '别硬', '多中']"
828,Evaluation,Approval,154,828_实名_观看_泰裤_爱看,"['实名', '观看', '泰裤', '爱看', 'futa', '严亚', '天一', '陇东', '张子', '实名制']"
829,Identity,GenderIdentity,162,829_桃桃_买尬_学到_吃桃桃,"['桃桃', '买尬', '学到', '吃桃桃', '凉凉', '吃个', '桃桃好', '桃子', '学废', '学家']"
830,Evaluation,Approval,193,830_扣篮_被扣_好帅_篮子,"['扣篮', '被扣', '好帅', '篮子', '29', '我操', '路过', '打篮球', '四驱', '篮球']"
831,Evaluation,PublicMorality,157,831_影响_负责_后果_正常人,"['影响', '负责', '后果', '正常人', '没事', '责任', '承担', '不负责任', '有事吗', '正常']"
832,Evaluation,Approval,249,832_好惨_活不了_寿命_不久,"['好惨', '活不了', '寿命', '不久', '活着', '可怜', '无可', '可悲', '能活', '活多久']"
833,Sexuality,Courtship,215,833_河南_双桨_荡起_同船,"['河南', '双桨', '荡起', '同船', '百年', '洛阳', '南阳', '信阳', '河北', '蹲个']"
834,Sexuality,Courtship,292,834_胖子_love_is_小胖,"['胖子', 'love', 'is', '小胖', '我爱你', '太瘦', '氧气', '胖小子', 'lover', '肚子']"
835,Division,ParentApproval,167,835_推给_爸妈_干嘛_家长,"['推给', '爸妈', '干嘛', '家长', '糊涂', '妈求', '善思', '懵逼点', '娘亲', '脸垮']"
836,Evaluation,Approval,155,836_勇敢_会长_居居_好长,"['勇敢', '会长', '居居', '好长', '勇度', '橘长', '长生', '寻寻觅觅', '所长', '真能长']"
839,Evaluation,Othersjudgments,173,839_尼玛_弯弯_祝你好运_李由,"['尼玛', '弯弯', '祝你好运', '李由', '屋顶', '博文', '挨骂', '福州', '进去', '丢下去']"
840,Identity,Boundaries,167,840_吵到_未成年_拉子_09,"['吵到', '未成年', '拉子', '09', '07', '06', '天罡', '相反', '08', '11']"
841,Identity,LoveDefinition,202,841_人才_天才_华蓥_投降,"['人才', '天才', '华蓥', '投降', '奇才', '人力资源', '事业', '性恋', '钱性', '比心']"
842,Identity,LoveDefinition,215,842_样子_同性_啥样_姿色,"['样子', '同性', '啥样', '姿色', '真爱', '相爱', '一个样', '异性', '花样', '看看']"
844,Identity,Boundaries,114,844_受众_群体_人群_可怜,"['受众', '群体', '人群', '可怜', '消费', '屌丝', '不好意思', '这波', '受眾', '收入水平']"
847,Identity,Boundaries,114,847_直播_直播间_男主播_女主播,"['直播', '直播间', '男主播', '女主播', '展示', '擦边', '主播', '男扮女装', '女模特', '衣服']"
850,Evaluation,Othersjudgments,113,850_耳听为虚_眼见为实_无路可走_牵好,"['耳听为虚', '眼见为实', '无路可走', '牵好', 'line', '一页', '张哥', '那本书', '一本', '最后']"
851,Sexuality,Courtship,113,851_山东_呵呵哈_哈哈哈_蓝旗,"['山东', '呵呵哈', '哈哈哈', '蓝旗', '芝罘', '金辰', '潜水', '卖串', '82', '不结']"
852,Division,Insider,113,852_泪奔_流量_aacca_crimson,"['泪奔', '流量', 'aacca', 'crimson', '老梗', '绝缘', '运用', '谈会', 'chu', '生不奔现']"
854,Sexuality,Courtship,113,854_贵州_贵阳_贵州省_ip,"['贵州', '贵阳', '贵州省', 'ip', '地址', '黔东南', '六盘水', '清镇', '三桥', '铜仁']"
855,Identity,LoveDefinition,113,855_斩女_素女_一级_08,"['斩女', '素女', '一级', '08', '这素', '全素', '我素', '不素', '素随', '介里']"
856,Evaluation,Approval,112,856_很棒_好棒_真棒_太好了,"['很棒', '好棒', '真棒', '太好了', '意境', 'van', '胜志', '太棒了', 'nice', '好无语']"
858,Subculture,Materialistic,112,858_发财_圈钱_但会_赚钱,"['发财', '圈钱', '但会', '赚钱', '恰烂', '捞钱', '多多', '加倍', '挣钱', '暴富']"
859,Identity,GenderIdentity,112,859_装直_男装_不装_天打雷劈,"['装直', '男装', '不装', '天打雷劈', '我装', '我装直', '很母', '别装直', 'gay', '能装']"
860,Identity,GenderIdentity,112,860_娘们_不娘_老娘_很娘,"['娘们', '不娘', '老娘', '很娘', '唧唧', '娘子', '婆娘', '太娘', '婆婆', '这娘们']"
861,Sexuality,Courtship,112,861_对象_代替_本铜_储物床,"['对象', '代替', '本铜', '储物床', 'caopen', '对代', '那少', '介绍', '能怪', '亲测']"
864,Identity,GenderIdentity,111,864_绕晕_迷晕_好绕_晕倒,"['绕晕', '迷晕', '好绕', '晕倒', '迷糊', '晕船', '我晕', '25', '力竭', '晕不晕']"
865,Identity,Boundaries,111,865_男人_压力_不好_女人,"['男人', '压力', '不好', '女人', '太累', '多累', '不好过', '更好', '太难', '多好']"
866,Evaluation,PublicMorality,111,866_嫁给_嫁出去_嫁妆_回家,"['嫁给', '嫁出去', '嫁妆', '回家', '我要', '罗阳', '妻有子', '铁了心', '那嘘', '商铺']"
867,Sexuality,Courtship,111,867_女朋友_天赐_来个_赐个,"['女朋友', '天赐', '来个', '赐个', '我要', '求求', '委屈', '老天', '吐舌', '嘎嘎']"
870,Sexuality,Courtship,111,870_成都_公园_沙河_织姬,"['成都', '公园', '沙河', '织姬', '露琪亚', '女恋', '成都市', '达州', '基都', '多同']"
875,Health,AIDS,110,875_阻断_阻断剂_增长_记忆力,"['阻断', '阻断剂', '增长', '记忆力', '程度', '药都', '脱销', '当饭', '一眼', '搜索']"
876,Identity,GenderIdentity,110,876_码头_湾仔_弯仔_沈体,"['码头', '湾仔', '弯仔', '沈体', '购物袋', '沃尔玛', '沈辞', '类型', '参观', '海岸']"
881,Health,Genetics,110,881_基因_后天_先天_遗传,"['基因', '后天', '先天', '遗传', '因素', '决定', '家庭', '父爱', '后代', '环境']"
882,Identity,GenderIdentity,110,882_双性人_金牛座_真性_可凸,"['双性人', '金牛座', '真性', '可凸', 'godle', 'letters', '咬了一口', '贞子', '多牛', '造物主']"
883,Health,Therapy,110,883_道理_病变_在理_病病,"['道理', '病变', '在理', '病病', '市民', '贱病', '不轻', '尖酸刻薄', '天意', '87']"
885,Sexuality,PhysicalApperances,109,885_嘴唇_monet_这棱唇_射线,"['嘴唇', 'monet', '这棱唇', '射线', 'cute', '牛逼奏', 'hmy', '脏脏包', 'boya', '红唇']"
886,Division,Insider,109,886_发现_不了_鼓鼓的_呕死,"['发现', '不了', '鼓鼓的', '呕死', '华点', '姑息', '常翰飞', 'wong', '我任', '我玩过']"
887,Sexuality,PhysicalApperances,109,887_长发_短发_姐姐_头发,"['长发', '短发', '姐姐', '头发', '黄头发', '剪头发', '小姐姐', '妹发', '姐特', '可喘']"
888,Sexuality,Courtship,109,888_深圳_魑魅魍魉_南山_龙华,"['深圳', '魑魅魍魉', '南山', '龙华', '福田', '妖魔鬼怪', '满地', '特区', '深圳网', '勿念']"
890,Identity,GenderIdentity,109,890_惊喜_女生_一举一动_女孩,"['惊喜', '女生', '一举一动', '女孩', '输给', '居居', '让给', '付雨禾', '期末考', '谷店']"
891,Sexuality,PhysicalApperances,109,891_肉肉_肉丝_异食_大肉,"['肉肉', '肉丝', '异食', '大肉', '素食主义者', '五花肉', '好肉', '杰克', '肉感', '肥肉']"
892,Identity,LoveDefinition,109,892_同性_异性_恰好_刚好,"['同性', '异性', '恰好', '刚好', '同性恋', '异性恋', '恰巧', '另一方', '只不过', '正好']"
893,Identity,LoveDefinition,109,893_黄奕_vis_哈斯_没叫,"['黄奕', 'vis', '哈斯', '没叫', '到底', '双性', '维京', '浪漫', '异性恋', '斯哈']"
894,Sexuality,Courtship,109,894_飞吻_kisskiss_动力_kiss,"['飞吻', 'kisskiss', '动力', 'kiss', '骚首', '过别', '临摹', '嫁嫩家', '亲苏', '张床']"
896,Subculture,Culture,109,896_小鸟_永远_鹦鹉_原作,"['小鸟', '永远', '鹦鹉', '原作', '小鸟依人', '转转', '鸟样', '鸟比', '鸟性', '鸟窝']"
899,Sexuality,Courtship,109,899_谈恋爱_女孩子_大哭_想得到,"['谈恋爱', '女孩子', '大哭', '想得到', '只想', '恋爱', '膏得', '朱珠', '谈次', '及第']"
901,Identity,GenderIdentity,108,901_美女_畜不分_雌雄莫辨_难辨,"['美女', '畜不分', '雌雄莫辨', '难辨', '雌雄', '美的', '自然', '外星', '内部', '很巴适']"
903,Sexuality,Courtship,108,903_迷上_呜呜_勿忘我_墨燃,"['迷上', '呜呜', '勿忘我', '墨燃', '喜久福', '阴脸', '控是', '要直', '泣不成声', '耳语']"
904,Identity,Boundaries,108,904_审美_老外_高风险_外国人,"['审美', '老外', '高风险', '外国人', '审美观', '挺美', '产区', '点上', '零区', '销路']"
905,Sexuality,IntimateDivisionship,108,905_选妃_脑萎缩_情侣_悲剧,"['选妃', '脑萎缩', '情侣', '悲剧', '爱妃', '区选妃', '全麻', '人麻', '呀呀', '截瘫']"
906,Identity,LoveDefinition,108,906_熊在_熊是_毛毛熊_油水,"['熊在', '熊是', '毛毛熊', '油水', '炎阳', '熊人', '熊去', '熊堆', '熊怪', '女熊']"
908,Division,Society,108,908_善良_以待_善意_迫使,"['善良', '以待', '善意', '迫使', '善待', '温柔', '希望', '恶有恶报', '所有人', '流浪汉']"
909,Sexuality,Courtship,107,909_家乡_推荐_河北_明白,"['家乡', '推荐', '河北', '明白', '保定', '欧米', '邯郸', '曲阳', '涿州', '承德']"
910,Evaluation,Othersjudgments,107,910_太饱_作死_奇葩_没人要,"['太饱', '作死', '奇葩', '没人要', '不作', '天性', '饱食', '这不作', '往死里作', '气饱']"
911,Identity,LoveDefinition,107,911_马跃_竣哥_数学系_细看,"['马跃', '竣哥', '数学系', '细看', '全弯', '马上', '__', 'lu', '正宗', '30']"
912,Evaluation,Othersjudgments,107,912_玩意_真美_喝美_beau,"['玩意', '真美', '喝美', 'beau', '周子', '个体户', 'beautiful', '不顶', '新出', '名词']"
914,Sexuality,Courtship,107,914_老婆_书店_竿子_夫君,"['老婆', '书店', '竿子', '夫君', '未深', '食儿', 'scintil', 'dokey', '两包', '买根']"
915,Sexuality,Courtship,107,915_天津_玩儿_抗氧_公交,"['天津', '玩儿', '抗氧', '公交', '之眼', '回津', '除甲醛', '哪趟', '初去', '德安']"
916,Evaluation,RecommendationAlgorithms,107,916_算是_这号_女号_重新,"['算是', '这号', '女号', '重新', '刷到', '必号', '进号', '要烂', '不喜速', '军友']"
917,Identity,Selfassessment,107,917_男同_女同_咱男同_墙头草,"['男同', '女同', '咱男同', '墙头草', '不爱色色', '泛女', '男同分', '男同同', '男同恋', '晚有']"
921,Identity,Legal,106,921_女监_男监_放男监_监狱,"['女监', '男监', '放男监', '监狱', '关男监', '放女监', '危险', '放女', '监有', '错要']"
922,Health,AIDS,106,922_后悔_后悔药_艾滋病_世上,"['后悔', '后悔药', '艾滋病', '世上', '最后', 'hiv', '艾滋', '感染', '头掉', '可真晚']"
923,Sexuality,Courtship,106,923_害羞_必须_必要_不必,"['害羞', '必须', '必要', '不必', '昂昂', '看标', '咱内', '磕巴', '178cm', '娇羞']"
924,Sexuality,Courtship,105,924_背山_背锅_不背_纯零,"['背山', '背锅', '不背', '纯零', '比纯', '闫鹤轩', '小锅', '锅侠', 'baoming', '背黑锅']"
926,Sexuality,Courtship,105,926_图片_表情_姐姐_给姐,"['图片', '表情', '姐姐', '给姐', '合照', '体力', '我姐', '斯哈', '姐馋', '称姐']"
928,Sexuality,Courtship,105,928_移步_喜欢_jennie_有缘人,"['移步', '喜欢', 'jennie', '有缘人', '免得', '作品', 'ba', '欢迎', '口音', '惊喜']"
929,Division,Insider,105,929_奇怪_糖葫芦_离奇_诡异,"['奇怪', '糖葫芦', '离奇', '诡异', '怪胎', 'little', '怪不得', '稀奇古怪', '怪事', '难不怪']"
931,Identity,Boundaries,105,931_寡妇_勇闯_鸳鸳相_冒犯,"['寡妇', '勇闯', '鸳鸳相', '冒犯', '贵贱', '开口', '张口', '寡王', '寡女', '扎心']"
933,Evaluation,Othersjudgments,104,933_相当_炸裂_无人_救命,"['相当', '炸裂', '无人', '救命', '救救', '在意', '太艾', '太家', '跃进', '太苏']"
934,Identity,GenderIdentity,104,934_男女_霍霍_主要_女性,"['男女', '霍霍', '主要', '女性', '', '', '', '', '', '']"
936,Evaluation,Othersjudgments,104,936_吓死_吓人_恐怖_吓一跳,"['吓死', '吓人', '恐怖', '吓一跳', '吓死人', '胆小', '绑住', '棍挥', 'mar', '骇人听闻']"
937,Subculture,Culture,104,937_看过_电影_一部_看一遍,"['看过', '电影', '一部', '看一遍', '台湾', '许光汉演', '阿彬', '莫特森', '弱勢', 'fantastic']"
938,Division,Insider,104,938_钩子_放个_标记_章鱼,"['钩子', '放个', '标记', '章鱼', '拜登', '缠上', '上钩', '绯闻', '撒尿', '鼻子']"
939,Division,Insider,104,939_受不了_爱好_toes_分类,"['受不了', '爱好', 'toes', '分类', '不定', '驾驭', '可怜', '限于', '受得了', '还分']"
940,Identity,LoveDefinition,104,940_受虐_xxx_琳娜_斯图尔特,"['受虐', 'xxx', '琳娜', '斯图尔特', '实名', '右边', '克里斯', '我程', '唐周版', '劳坡']"
941,Evaluation,Approval,104,941_勇敢_加油_基都_支持,"['勇敢', '加油', '基都', '支持', '比心', '诚不欺', '粗来', '必需', '飞黄腾达', '盛兴']"
942,Identity,LoveDefinition,104,942_顺直_黑长_无人_不直,"['顺直', '黑长', '无人', '不直', '在意', '一点半点', 'interesting', 'rtc', '天顺', '癫公']"
943,Sexuality,IntimateDivisionship,104,943_般配_一对_天生一对_绝配,"['般配', '一对', '天生一对', '绝配', '他俩', '好配', '互补', '挺配', '很配', '两人']"
945,Identity,GenderIdentity,103,945_一种_该是_老公_态度,"['一种', '该是', '老公', '态度', '人生态度', '众所周知', '婷婷', '性别', '心情', '一遍']"
946,Sexuality,Courtship,103,946_woc_柯南_wocwoc_wocao,"['woc', '柯南', 'wocwoc', 'wocao', 'wolves', 'wckx', 'whales', 'poor', '早前', '外焦里嫩']"
948,Identity,LoveDefinition,103,948_蜘蛛_敲打_离谱_熊来,"['蜘蛛', '敲打', '离谱', '熊来', '越来越', '太高', '敲儿', '熊哭', '糖尿病人', 'hbu']"
949,Sexuality,IntimateDivisionship,102,949_尔爱_lover_爱上_love,"['尔爱', 'lover', '爱上', 'love', '人叭', '莲爱', '船夫', '慧莲', '爱里', '有恃无恐']"
950,Sexuality,SexualBehaviors,102,950_交易_完成_成交_交易过程,"['交易', '完成', '成交', '交易过程', '进行', '成功', '想不通', '亏了', '好奇', '马想']"
951,Sexuality,Courtship,102,951_南京_南通_猜猜_偌大,"['南京', '南通', '猜猜', '偌大', '11l00l', '南京城', '同居', '二周', '猜叭', '栖霞']"
952,Evaluation,Othersjudgments,102,952_我超_以前_脸动_超认,"['我超', '以前', '脸动', '超认', '王澜', '我文', '卧超', '超米', '看看', '超超']"
953,Evaluation,Othersjudgments,102,953_挖槽_挖去_挖草_下矿,"['挖槽', '挖去', '挖草', '下矿', '填坑', '挖坑', '挖渠', '挖个', '矿井', '挖出来']"
955,Sexuality,IntimateDivisionship,102,955_犯贱_汉奸_左边_太粘人,"['犯贱', '汉奸', '左边', '太粘人', 'manni', 'ranaldo', '贱命', '左一酱', '春心', '贱门']"
956,Identity,LoveDefinition,102,956_直女_恋直_强吻_ts,"['直女', '恋直', '强吻', 'ts', '装姬', 'cd', '偏同', 'tp', '人飞', '好几口']"
959,Sexuality,SexualBehaviors,101,959_sb_sjb_smzzy_szx,"['sb', 'sjb', 'smzzy', 'szx', 'mjx', 'niaoniao', 'mjr', '抄起来', 'sjk', 'syrup']"
960,Evaluation,Othersjudgments,101,960_犯贱_真贱_我造_yes,"['犯贱', '真贱', '我造', 'yes', 'cui', '可贱', 'painted', '伤胃', '单纯', '染缸']"
961,Evaluation,Othersjudgments,101,961_区好_吓人_恐怖_可怕,"['区好', '吓人', '恐怖', '可怕', '吓死', '评论', '区真', '刷下来', 'sen', '很爱刷']"
962,Sexuality,PhysicalApperances,101,962_会长_奥迪_4s店_迪克,"['会长', '奥迪', '4s店', '迪克', '图片', '表情', '献丑', '迪士尼', '很丑', '里昂']"
963,Health,AIDS,101,963_乱搞_恶心_男女_女女,"['乱搞', '恶心', '男女', '女女', '给力', '别碰', '开黄', '奇耻大辱', '恶臭', '乱来']"
964,Sexuality,PhysicalApperances,101,964_声音_好听_做到_耳机,"['声音', '好听', '做到', '耳机', '好像', '这中', 'mem', '胡丹', '夹起来', '克夫']"
965,Subculture,Culture,101,965_特效_主演_3d_花絮,"['特效', '主演', '3d', '花絮', '哭死了', '演示', '多用', '家太多', '巨痛', '点缀']"
966,Subculture,Culture,101,966_更新_唐梓_大欣_宠粉,"['更新', '唐梓', '大欣', '宠粉', '我点', '半年', '持续', '书豪', '要能', '可盼']"
969,Identity,LoveDefinition,101,969_浪漫派_倾向_浪漫_过敏,"['浪漫派', '倾向', '浪漫', '过敏', '浪漫主义', '积木', '加给', '静儿', '针织', '如此这般']"
971,Identity,GenderIdentity,100,971_伪娘_当伪娘_伪娘害_直男约,"['伪娘', '当伪娘', '伪娘害', '直男约', '和顺', '变伪娘', '荆轲', '伪娘文', '看伪娘', '算伪娘']"
972,Identity,GenderIdentity,100,972_一女_当不了_这女_比女,"['一女', '当不了', '这女', '比女', '婉怡', '710', '還女', '维科', '滋女', '晓旭']"
975,Identity,GenderIdentity,100,975_塑料袋_沃尔玛_购物袋_中杯,"['塑料袋', '沃尔玛', '购物袋', '中杯', '大杯', '性别', '杯里', '超大', '下半生', '星巴克']"
979,Division,Insider,99,979_第一眼_baby_眼熟_看成,"['第一眼', 'baby', '眼熟', '看成', '第二眼', '正脸', '一眼', '差点', '第一次', '涵姐']"
980,Evaluation,Othersjudgments,99,980_转过_转头_吓死_这头,"['转过', '转头', '吓死', '这头', '还会', '头转', '来时', '他头', '突然', '吓一跳']"
981,Health,AIDS,99,981_崆峒_崆峒山_连夜_屁股,"['崆峒', '崆峒山', '连夜', '屁股', '大凉山', '乱麻', '一头', '學者', '澄澈', '顷刻间']"
984,Sexuality,PhysicalApperances,99,984_打扮_看穿_两件_看人先,"['打扮', '看穿', '两件', '看人先', '春丽装', '竹筒', '没穿', '叫理姐', '高会点', '仔敢']"
987,Identity,LoveDefinition,98,987_比心_爱上_从前_love,"['比心', '爱上', '从前', 'love', '爱不爱', '但片', '审判官', '第四条', '梦中人', '无行恋']"
988,Identity,LoveDefinition,98,988_基友_压抑_97_嘶哈嘶哈,"['基友', '压抑', '97', '嘶哈嘶哈', '嘶哈', '98', '多种', '能识基', '107', '种帮']"
989,Evaluation,Approval,98,989_太酷_好酷_很酷_真酷,"['太酷', '好酷', '很酷', '真酷', '超酷', 'wo', '最酷', '酷毙了', '酷酷', '人挺酷']"
990,Evaluation,Othersjudgments,97,990_坏种_咒骂_坏坏_坏蛋,"['坏种', '咒骂', '坏坏', '坏蛋', '能坏', '坏到', '小孩儿', '最坏', '书包', '心机']"
992,Evaluation,PublicMorality,97,992_礼貌_不失_逃不掉_回避,"['礼貌', '不失', '逃不掉', '回避', '修养', '下意识', '躲避', '强笑', '柯雷', '荞麦面']"
993,Identity,Selfassessment,97,993_自卑_零溢_计算机_卑微,"['自卑', '零溢', '计算机', '卑微', '事件', '自卑心理', '自信', '品味', '码农', '软件工程']"
994,Identity,LoveDefinition,97,994_嫉妒_网球_直女_面目全非,"['嫉妒', '网球', '直女', '面目全非', '吊毛', 'why', '使人', '真恨', '广州', '痛恨']"
997,Evaluation,Othersjudgments,96,997_天呐_隔行如隔山_啧啧_判若两人,"['天呐', '隔行如隔山', '啧啧', '判若两人', '天啦噜', '难评', '迈呐', '哎迈', 'haofuza', '祝你成功']"
998,Subculture,Culture,96,998_没错_轮到_原文_一次性,"['没错', '轮到', '原文', '一次性', '零导', '孙导', '扑倒', '赵剑', '第三个', '故事']"
999,Division,ParentApproval,96,999_回家_回来_回去_回不去,"['回家', '回来', '回去', '回不去', '回头', '搬家', '萨瓦迪卡', '咋播', '回家吧', '考虑一下']"
1000,Subculture,Culture,96,1000_子期_嫁给_风哥_紫色,"['子期', '嫁给', '风哥', '紫色', '付钱', '愿意', '风风', '韵味', '老风', '期许']"
1001,Evaluation,Approval,96,1001_好美_太美_美死_美好,"['好美', '太美', '美死', '美好', '美美', '失敬', '绝美', '美麻', '美高', '知性美']"
1002,Subculture,Culture,96,1002_推荐_书名_合集_图书,"['推荐', '书名', '合集', '图书', '累个', '留评', '尚煜', '海子', '柏伟', '汪文睿']"
1005,Division,ParentApproval,95,1005_难以启齿_我妈_妈耶_体前,"['难以启齿', '我妈', '妈耶', '体前', '我尿红', '接小妈', '八句', '叫小妈', '妈真闲', '化都化']"
1006,Evaluation,Approval,95,1006_好看_神人_神明_大神,"['好看', '神人', '神明', '大神', '看钟', '蜀道', '形再', '伊朗', '个性化', '美神']"
1007,Sexuality,IntimateDivisionship,95,1007_官宣_没官_已官_辜负,"['官宣', '没官', '已官', '辜负', '官方', '刚官', '宣过', '两口子', '宣就发', '影都']"
1008,Sexuality,Courtship,95,1008_单身_区里_评论_狗们,"['单身', '区里', '评论', '狗们', '找对象', '找到', '送礼物', '对象', '缘分', '妄想']"
1010,Evaluation,Approval,95,1010_乖乖_好乖_我滴_不乖,"['乖乖', '好乖', '我滴', '不乖', '很乖', '好听话', '吹弹', '咱不走', '可破', '乖蠢']"
1012,Evaluation,Othersjudgments,95,1012_丢人_丢人现眼_丢脸_嫌弃,"['丢人', '丢人现眼', '丢脸', '嫌弃', '满脸', '花点', '一脸', '丟人', '丢到', '对不起']"
1015,Sexuality,IntimateDivisionship,95,1015_夫妻_面相_方圆_阴阳,"['夫妻', '面相', '方圆', '阴阳', '颠倒', '相似', '逞强', '落泪', '真有', '瞌的']"
1016,Identity,GenderIdentity,95,1016_救火_铁特_南痛_我铁,"['救火', '铁特', '南痛', '我铁', '偏说', 'gusteau', '出带', '过铁', '反过', '真勒']"
1018,Sexuality,Courtship,94,1018_130_175_120_165,"['130', '175', '120', '165', '180', '220', '300', '140', '赚钱', '天菜级']"
1019,Sexuality,Courtship,94,1019_鸡皮疙瘩_solo_母胎_吸溜,"['鸡皮疙瘩', 'solo', '母胎', '吸溜', '一地', '吧唧', '一身', '插头', '唧唧', '起来']"
1020,Identity,LoveDefinition,94,1020_说句话_干货_学习_蛙化,"['说句话', '干货', '学习', '蛙化', '现象', '老公', '甜蜜', '主任', '一下', '绝对']"
1021,Identity,LoveDefinition,94,1021_双性_浪漫_异性恋_第一个,"['双性', '浪漫', '异性恋', '第一个', '双向', '双性恋', '按死', '稳稳', 'cn', 'ice']"
1022,Division,Outsider,94,1022_威海_尼玛_看不上_角固,"['威海', '尼玛', '看不上', '角固', '跑调', '应急', '首体', '看不来', '刺眼', '山寨']"
1023,Division,CarryonthefamilyLineage,94,1023_能生_孩子_那能_结合能,"['能生', '孩子', '那能', '结合能', '嫁取', '生娃能', '人能生', '生娃', '生娃娃', '那好']"
1025,Evaluation,Othersjudgments,94,1025_浪费_垃圾_张某_张晏荣,"['浪费', '垃圾', '张某', '张晏荣', '哇长', '皮亚杰', '张宏涛', '赖某', '可拉逼', '徐振宇']"
1026,Identity,LoveDefinition,94,1026_姬达_姬达响_失灵_不响,"['姬达', '姬达响', '失灵', '不响', '狂响', '看姬', '没响', '拉子们', 'sense', '非常明显']"
1027,Identity,Boundaries,93,1027_评论_比心_我服_指南,"['评论', '比心', '我服', '指南', '难评', '尔比', '区秀', '繁忙', '病发症', '区上']"
1028,Identity,LoveDefinition,93,1028_直男微_黑皮_体育_重生,"['直男微', '黑皮', '体育', '重生', '微双', '生之', '耗丝', '生帅', '女劫', '直男卖腐']"
1029,Sexuality,Courtship,93,1029_山西_山西太原_太原_闪击,"['山西', '山西太原', '太原', '闪击', '从山', '祁县', '山西人', '榆次', '山西大同', '幼态']"
1032,Identity,GenderIdentity,93,1032_扣篮_青筋_快来_打篮球,"['扣篮', '青筋', '快来', '打篮球', '弟弟', '篮球', '转发', '篮球场', '女篮', '女通']"
1033,Identity,GenderIdentity,93,1033_分不清_分不清楚_男女_傻傻,"['分不清', '分不清楚', '男女', '傻傻', '分辨', '认不清', '外形', '趋同', '很逊', '假钱']"
1035,Identity,Boundaries,93,1035_县城_干着_城市_一线,"['县城', '干着', '城市', '一线', '二线', '大城市', '三线', '县里', '价格', '乡镇']"
1036,Evaluation,Othersjudgments,93,1036_泰酷_futa_好飒_泰泰,"['泰酷', 'futa', '好飒', '泰泰', '泰美辣', '对不起', '破案', '优雅', '飒妹', '鞭泰']"
1037,Sexuality,Courtship,93,1037_求求_物色_亲亲_呀呀,"['求求', '物色', '亲亲', '呀呀', '莎弥拉', '影耶', '大色批', '三石哥', 'ccccccccccccccc', '直逼']"
1038,Division,Society,92,1038_正常人_普通人_做个_几十亿,"['正常人', '普通人', '做个', '几十亿', '非正常', '边缘', '正常', '统称', '议论', '谁会想到']"
1039,Identity,Boundaries,92,1039_200_体重_以下_两百斤,"['200', '体重', '以下', '两百斤', '达标', '瘦子', '胖能', '进去', '三百斤', '胖版']"
1042,Evaluation,PublicMorality,92,1042_厕所_公共厕所_公厕_没人盖,"['厕所', '公共厕所', '公厕', '没人盖', '难盖', '高楼', '独厕', '丫关', '干湿', '霉气']"
1045,Evaluation,Approval,92,1045_可惜_悲哀_可怜_悲惨,"['可惜', '悲哀', '可怜', '悲惨', '太悲', '唏嘘', '失去', 'uuuu', '挺悲', '哀思']"
1047,Identity,Legal,91,1047_杀人_诛心_五马分尸_别杀,"['杀人', '诛心', '五马分尸', '别杀', '杀马特', '自相残杀', '值得', '脚杀', 'ocean', '空印']"
1048,Evaluation,Othersjudgments,91,1048_非主流_不对劲_对劲_是不是,"['非主流', '不对劲', '对劲', '是不是', '老酷', '反骨王', '穹妹', '晚宴', '外皮', '生猛']"
1050,Identity,LoveDefinition,91,1050_中意_比心_钟意_男通,"['中意', '比心', '钟意', '男通', '孕吐', '已生', '小铃', '雪女', '雅拉', '菩薩']"
1051,Identity,Boundaries,91,1051_区才_知道_一男_大蛇丸,"['区才', '知道', '一男', '大蛇丸', '傻到', '冲晕', 'hmq', '古语', '多厌', '旭策']"
1052,Identity,LoveDefinition,91,1052_真爱_同性_之间_异性,"['真爱', '同性', '之间', '异性', '真挚', '繁衍', '惺惺相惜', '后代', '爱错', '相爱']"
